id	hypothesis	change	before	after	delta	tests	verdict	note
h0	harness frozen	measure_gen.py median of 3, 600 tok, temp 0	n/a	think-on 49.341 vs think-off 41.054	resp_len 0 vs 922	sensitivity pass	kept	think-off is the product metric; think-on is empty answers
h1	think-off is slower but usable	Ollama think=false	49.341 think-on	41.054 think-off	-16.8%	resp_len 922	kept-as-baseline	not a speed win; freeze 41.054 as usable baseline
h2	llama.cpp CUDA no-draft beats Ollama	llama-cli -ngl 99 -fa on	41.054 ollama	34.2 median n=3 (34.3/34.2/34.2)	-16.9%	n=3	reverted	slower than Ollama; keep binary for MTP2
h3	draft-mtp beats llama.cpp no-draft	--spec-type draft-mtp	34.2	50.95 median n=6	+48.98%	n=6	kept	stop 51.3 not met; next is quant A/B same command
later	long-context prompt processing	parked until MTP2 n=3					parked	user 2026-09-18
later	sustained decode after KV grows	parked until MTP2 n=3					parked	vault 8K/32K fill already showed collapse on Metal
later	batch/concurrent agents	parked until MTP2 n=3					parked	user 2026-09-18
later	runtime faster than Ollama	parked; llama.cpp 34.3 lost to Ollama 41					parked	vLLM/SGLang after MTP2
h4	UD-Q3_K_XL MTP2 beats 16GB ollama blob	Unsloth Qwen3.8-27B-UD-Q3_K_XL.gguf same llama-cli draft-mtp	50.95	60.7 median n=3 (60.8/60.7/60.7)	+19.1% vs MTP2 blob; +77.5% vs no-draft 34.2	n=3	kept	13.15 GB Unsloth; identical command
h5	UD-IQ4_XS MTP2 beats Q3_K_XL	Unsloth Qwen3.8-27B-UD-IQ4_XS.gguf same llama-cli draft-mtp	60.7	67.9 median n=3 (68.0/67.9/67.5)	+11.9% vs Q3; +98.5% vs no-draft 34.2	n=3	kept	14.25 GB; stop 51.3 met. Quant A/B done.
h6	power/clocks above 320W	nvidia-smi -pm/-lgc	67.9	unrunnable	n/a	n=0	revert-unrunnable	max power already 320W; sudo and docker both refused
h7	draft n-max 8 beats default 3	--spec-draft-n-max 8 on IQ4 MTP2	67.9	43.8 median n=3 (43.8/43.1/44.1)	-35.5%	n=3	reverted	default n-max 3 stays
h8	q8_0 KV cache beats f16 KV	-ctk q8_0 -ctv q8_0 on IQ4 MTP2	67.9	52.1 median n=3 (51.8/52.1/53.6)	-23.3%	n=3	reverted	KV quant hurt decode on this card
h9	UD-IQ3_S MTP2 beats IQ4_XS	Unsloth Qwen3.8-27B-UD-IQ3_S.gguf same llama-cli draft-mtp	67.9	54.7 median n=3 (54.9/54.7/54.4)	-19.4%	n=3	reverted	smaller quant was slower; IQ4 stays
h10	draft n-max 4 beats default 3	--spec-draft-n-max 4 on IQ4 MTP2	67.9	59.0 median n=3 (59.2/59.0/58.8)	-13.1%	n=3	reverted	default n-max 3 stays; 8 and 4 both lost
h11	larger ub/b 2048 beats default	-ub 2048 -b 2048 on IQ4 MTP2	67.9	64.4 median n=3 (64.9/64.4/64.4)	-5.2%	n=3	reverted	prompt tok/s up, generate down
h12	ngram-simple beats MTP2 on IQ4	--spec-type ngram-simple	67.9	35.2 median n=3 (35.5/35.2/35.2)	-48.2%	n=3	reverted	MTP2 stays
h13	UD-Q4_K_S MTP2 beats IQ4_XS	Unsloth Qwen3.8-27B-UD-Q4_K_S.gguf same draft-mtp	67.9	49.7 median n=3 (50.2/49.7/49.5)	-26.8%	n=3	reverted	heavier quant slower; IQ4 stays
h14	flash-attn off beats on	-fa off on IQ4 MTP2	67.9	54.5 median n=3 (54.7/54.5/54.4)	-19.7%	n=3	reverted	-fa on stays; prompt also dropped
h15	q4_0 KV beats f16 KV	-ctk q4_0 -ctv q4_0 on IQ4 MTP2	67.9	60.8 median n=3 (60.9/60.8/60.8)	-10.5%	n=3	reverted	f16 KV stays; q8 and q4 both lost
h16	extra MTP Q4_0 draft GGUF beats in-checkpoint MTP	-md mtp-Qwen3.8-27B-Q4_0.gguf with draft-mtp	67.9	66.7 median n=3 (67.1/66.6/66.7)	-1.8%	n=3	reverted	in-checkpoint MTP stays; -n 32 69.5 was noise
h17	draft-simple with MTP Q4_0 GGUF	--spec-type draft-simple -md mtp-Q4_0	67.9	SEGV 139	n/a	n=0	reverted	segfault in 5s; do not retry
h18	llama-server beats llama-cli on same IQ4 MTP2	llama-server /completion n_predict 600	67.9	67.81 median n=3 (67.13/68.15/67.81)	-0.1%	n=3	reverted	noise; llama-cli stays the harness
h19	8k-fill decode still ~67.9	-c 8192 / 4096 / 2048 with long prompt	67.9	OOM 13061 MiB extra	n/a	n=0	revert-unrunnable	model+8k KV does not fit 20 GB; short ctx stays
h20	current build already recent	llama-cli b10809 (5266f24da7) on box; rule-6 rebuild moot	n/a	n/a	n/a	version check	fact	numbers h3-h19 are attributable to b10809; re-sweep only after a build bump
h21	p-min gate unlocks deep drafts on bandwidth-poor card	--spec-draft-n-max 4 + p-min 0.65 (58.0); n-max 6 + p-min 0.75 (49.8) on IQ4 MTP2	67.9	58.0 / 49.8 median n=3 (57.8-58.0 / 49.5-49.9)	-13.8% / -26.0%	n=3 per arm	reverted	rule 2 inverts on this card; gating buys nothing at any depth; control today 67.2
h22	DFlash2 draft beats MTP	--spec-type draft-dflash -md DFlash2-Q4_K_M n-max 7 on IQ4	67.9	46.5 median n=3 (46.9/46.5/45.9)	-30.8%	n=3	reverted	benign error-substring noise; draft loads and runs; prose acceptance poor on this prompt; control today 67.2
h23	ik_llama.cpp IQ4_KS + built-in MTP beats upstream	ik fork build + ubergarm MTP-IQ4_KS 15.75 GiB, mtp:n_max=4,p_min=0.0; n-max 2 arm lost (66.16)	67.9	69.34 median n=3 (69.01-69.43, 4th run 69.96)	+2.2% vs baseline; +3.2% vs same-day control 67.2	n=3+1	kept	new best stack; results/ik-iq4ks-n4.txt
h24	Hyprland display cost is material	observed 296 MiB idle with Hyprland up; benches ran clean	67.9	296 MiB idle; no decode impact	~0 tok/s	observation	reverted	desktop stays; headless available via systemctl isolate multi-user.target if context headroom ever matters
h25	memory OC on the 3080	LACT or nvidia-settings mem +500..+1000, needs root	67.9	unrunnable	n/a	n=0	blocked	re-probed 2026-09-18: sudo -n REFUSED, docker REFUSED (no docker group on this box); docker-group recipe is home-pc's, not this machine; password sudo cannot be automated
h26	vLLM with MTP on Ampere	parked in log row 9	67.9	parked	n/a	n/a	parked	no FP8 on Ampere; 20 GB leaves little KV headroom; PRO 6000 data shows vLLM keeps climbing where llama.cpp peaks
h27	ik MTP optimum is deeper than n-max 4	ik IQ4_KS ungated n-max 5 and n-max 6 arms after h23 kept at n-max 4	69.34	62.96 median n=3 n-max 5 (62.50-62.96); 59.70 median n=3 n-max 6 (29.21 outlier run in third)	-8.2% / -11.1% vs h23 best	n=3 per arm	reverted	n-max 4 confirmed optimum; h23 unchanged
h28	ternary Bonsai 2 matches Q4 speed on one stream	prism fork + PQ2_0 7.2 GiB ternary Qwen3.8-27B; MTP head absent (no nextn/blk.64 tensors)	69.34	64.1 median n=3 (64.0/64.1/64.1)	-7.6% vs h23 best; -4.6% vs control	n=3	kept-secondary	not the single-stream best; 2 instances co-resident on 20 GB for parallel agentic load; quality self-reported 98.2% FP16, tool calling -2.4%; results/bonsai2-pq2-n3.txt
h29	GGML_CUDA_FORCE_MMQ=1 helps the ik best	MMQ-forced CUDA matmuls as env var on the h23 stack; lead from 5090 setup thread on r/LocalLLaMA	69.34	70.51 median n=3 (70.28/70.51/70.57)	+1.7% vs h23; +4.9% vs control; +3.8% vs baseline	n=3	kept	new best stack = h23 + GGML_CUDA_FORCE_MMQ=1; results/ik-iq4ks-mmq-n3.txt
h30	usable-context decode collapses with KV fill	single run each at 27.8k fill: ik stack q8_0 KV ctx 40960; bonsai PQ2_0 ctx 40960	70.51	ik prefill 988.6 t/s decode 80.4 t/s; bonsai prefill 1045.7 t/s decode 53.9 t/s; no OOM, no collapse	n/a	n=1 (scoping run)	fact-positive	q8_0 KV unlocks 40k ctx on ik stack where upstream f16 OOMed at 8k (h19); decode reads above tiny-ctx baseline; n=3 medians pending; results/ctx-fill-28k-n1.txt
h31	uncensored abliteration costs ~11% speed	bartowski repack of orcarouter uncensored IQ4_XS on upstream llama-cli draft-mtp; n-max 3 beats forced n-max 2	67.9	60.2 median n=3 default (60.0-60.4); 57.3 median n=3 n-max 2	-11.4% vs censored same-class 67.9	n=3 per arm	kept-option	quality within ~1 point of stock per Abliterlitics panel; MTP runs; results/orcarouter-uncensored-n3.txt
h26b	stock vLLM serves Qwen3.8 INT4 on 20 GB	vLLM PyPI cu132 on two checkpoints: SergiioB GPTQ (weights alone 18.61 GiB of 19.57 usable, OOM at init at any util) and leminkozey W4A16 (weight_packed tensors, stock loader ValueError)	70.51	unrunnable	n/a	n=0	blocked	stock vLLM cannot serve these checkpoints; only path is HyperQwen patched vLLM 0.28 (3090 24 GB: 121 t/s MTP; ~98 t/s expected here if bandwidth ~760 GB/s, unverified); needs user-space HyperQwen install; checkpoint q38-lemin 16G already on box
h26c	HyperQwen patched vLLM boots on 20 GB	syv-ai/HyperQwen bare-metal: 38 patches applied, torch 2.13.0+cu130 matches pin, dummy+real loads pass at util 0.60; util 0.90 fills card (free 33 MiB) and MTP-module marlin repack dies in stable-ABI aten::empty with no OOM text; expandable_segments no-op; quant_mtp.py (849→431 MB) insufficient	70.51	unrunnable	n/a	n=0	blocked	stack needs >19.2 GiB; ~98 t/s projected at 760 GB/s if ever served; full trail in docs/TROUBLESHOOTING.md
h32	ik stack max working context	ik IQ4_KS q8_0 KV MTP n-max 4 MMQ; ctx sweep 49152/57344/61440/63488/65536, n=200 gen each	70.51	65.52 / 65.22 / 66.04 t/s with 0 OOM; 63488 and 65536 both OOM	ceiling narrowed from 40960-98304 to 61440 max	n=1 per ctx point (scoping)	kept	fact-positive; decode holds ~66 t/s near the ceiling; results/ctx-bisect-61k.txt
h33	Bonsai co-residency does not multiply throughput	2x Prism llama-server PQ2_0 ctx 8192 co-resident 16.5 GiB, concurrent n=300 requests, 2 arms	64.1	30.4+30.4=60.8 and 30.3+30.4=60.6 aggregate	-5.3% aggregate vs single instance 64.1	n=2 pairs	kept	fact-positive; bandwidth-bound, each instance ~47% of single speed; value is parallel streams not speed; corrects h28 ~128 estimate; results/bonsai-coro-n2.txt
h34	uncensored stack holds 96k context at 58 t/s	orcarouter IQ4_XS upstream draft-mtp q8_0 KV; ctx ladder 16384-262144 plus 24k-fill decode test	60.2	58.0-58.8 t/s light fill through 98304 with 0 OOM; 114688+ OOM; decode 45.4 t/s at 24k fill	ceiling 98304 max working (was unknown); fill costs -22%	n=1 per point (scoping)	kept	fact-positive; usable for OMP-class system prompts with ~75k headroom; results/orca-ctx-96k.txt
h39	smaller quant not faster on ik stack	ik IQ4_KS stack re-run with Unsloth UD-IQ4_XS 14G (14 vs 15.75 GiB, fewer bytes/token hypothesis)	70.51	64.27 median n=3 (64.27-64.69)	-8.8%	n=3	reverted	ubergarm IQ4_KS pack wins on layout+MTP head quality; MTP acc 149/181 fine, speed still loses; results/h39-h42-2026-09-20.txt
h40	p_min strictness hurts on ik too	ik IQ4_KS MTP n-max 4 MMQ with p_min 0.1 (was 0.0)	70.51	68.23 median n=3 (68.08-68.51)	-3.2%	n=3	reverted	matches upstream h20-h21 direction; p_min 0.0 optimum on both stacks
h41	full q8_0 KV costs speed at ctx 4096	ik IQ4_KS with -ctk q8_0 -ctv q8_0 (f16 baseline)	70.51	68.98 median n=3 (68.75-69.16)	-2.2%	n=3	reverted	KV small at 4096; f16 KV faster in ik FA path
h42	K-only quant is the win	ik IQ4_KS with -ctk q8_0, V f16 (halves K bytes, keeps V in fast FA path)	70.51	71.63 median n=3 (71.52-71.82)	+1.6%	n=3	kept NEW BEST	command adds -ctk q8_0; consistent spread 0.3 t/s; results/h39-h42-2026-09-20.txt
h42b	ctx ceiling is MTP-checkpoint-bound, not KV-bound	ceiling re-check with -ctk q8_0 at 65536/69632, plus q8/q8 KV at 65536	61440	65536+ OOM: per_step_alloc MTP checkpoint buffers + KV; q8/q8 KV also OOM	unchanged	n=1 per point (scoping)	fact-positive	-ctk q8_0 saves ~1.2 GiB K but MTP per-step checkpoints dominate growth; ceiling stays 61440
h43	n_max 3 loses on the K-quant stack too	ik IQ4_KS -ctk q8_0 MTP n-max 3 (n-max 3 was never tested on ik)	71.63	67.58 median n=3 (66.69-68.09)	-5.7%	n=3	reverted	n_max 4 optimum confirmed on third stack variant; results/h43-h44-2026-09-20.txt
h44	speed config trades away ctx ceiling	q8K+f16V ceiling bisect with VRAM-free gate: 40960 / 49152 / 57344 / 61440	61440 (q8/q8 config)	40960 works 64.72 t/s decode; 49152 OOM confirmed with VRAM verified free (376 MiB baseline)	speed-config ceiling 40960-49k vs 61440 full-q8	n=1 per point (scoping)	fact-positive	config tension: q8K+f16V is fastest decode, f16 V costs ~3 GiB at 41k ctx; pick by need: speed -> q8K@4096, ctx -> q8/q8@61440
h-ikbuild	rebuild skipped, no perf delta upstream	ik at dc31024 2026-09-17, 6 commits behind origin/main	71.63	unrunnable (no relevant change)	n/a	n=0	skipped	upstream delta is chat/K2-Horizon/Gemma4/server-spill; zero CUDA/MTP kernel changes
h45	server MTP at production context needs ubatch trim	llama-server -ub 256 --spec-type draft-mtp at -c 98304 on uncensored IQ4_XS via ~/llama/llama-serve.sh; default -ub 512 crashed CUDA OOM in launch_fattn during common_speculative_process	36.60 median n=3 (36.50/36.60/36.70) no-spec server	72.68 median n=3 (72.61/72.68/73.11), draft_n 580 accepted 404	+98.7% vs baseline, beats h42 71.63	n=3+3	kept	new best on box at 98304 ctx; spec proven by draft_n/draft_n_accepted in timings; single launcher source is llama-serve.sh, overnight-supervisor now delegates to it
h46	base MTP-IQ4_KS pack on upstream server	llama-server -m Qwen3.8-27B-MTP-IQ4_KS.gguf at production shape (-c 98304 -ub 256 --spec-type draft-mtp)	-	UNRUNNABLE: gguf_init_from_reader rejects blk.0.attn_qkv.weight ggml type 144, valid range [0,43); ik_llama.cpp-only quant type	-	n=8 crash-loop spawns	reverted	h42 71.63 numbers require the ik engine; upstream cannot parse this pack at all
h47	base UD-IQ4_XS at production shape	Qwen3.8-27B-UD-IQ4_XS.gguf swapped in, all other flags identical to h45	72.68 (h45 uncensored)	66.15 median n=3 (65.13/66.15/66.53), draft 597 accepted 400	-9.0% vs uncensored same shape	n=3	reverted	base slower than the uncensored bartowski repack at 98304/ub256; inverts h31 bench-ctx ordering (60.2 vs 67.9), pack layout matters at this shape
h48	llama-bench b10809 comparable rows	llama-bench default and -fa1 with q8_0 K+V on orcarouter-uncensored-IQ4_XS, -ngl 99, 5 reps	-	pp512 1287.87±4.08 and tg128 37.98±0.05 default; pp512 1269.68±2.85 and tg128 37.52±0.04 with fa1+q8kv	-	n=5+5	kept	reddit-comparable rows for r/LocalLLM 1wjjzjx comparison; build 5266f24da7 prints asserts-enabled warning so numbers are conservative; server with draft-mtp measures 71.7-72.7 tg600 at 98304 ctx; PCIe gen3 x16 confirmed (3,16,3,16)
h49	HyperQwen full-VRAM ladder rungs 1-4: MTP OOMs at drafter gptq_marlin_repack	patched venv 0.28.0, lemin W4A16 21G pulled fresh; rung1 GPU_UTIL 0.95 MAX_LEN 16384 fp8/MTP k3; rung2 0.90 same; rung3 lean bits-4 draft (811M to 209M, rel err 0.12-0.14); rung4 MAX_LEN 8192 at 0.90	72.68 llama baseline	rung1/2: torch OOM tried 1.19 GiB, 1.12 free, 17.52 torch, in drafter gptq_marlin_repack; rung3/4: same site as aten::empty no-OOM-text (h26c fingerprint); expandable_segments:True on all	n=1 boot each (fit gate, not speed)	reverted	full-VRAM MTP unfittable: target 14.26 GiB + full-weight drafter copy + repack transient > 19.57 GiB; results/hq-fullvram-2026-09-22/hq-attempt-{1,2,3,4}.log
h50	no-draft escape serves: HyperQwen target alone fits at 14.26 GiB	SPEC=off CTX=long MAX_LEN 16384 GPU_UTIL 0.90 + CUDA_HOME=/opt/cuda (nvcc 13.3; stock boot dies at graph profiling: Could not find nvcc and default cuda_home=/usr/local/cuda does not exist)	72.68	43.24 median n=3 client (42.94/43.31/43.24); prefill 1080.9 t/s at 8853 prompt tok; engine 14.26 GiB load, KV pool 35195 tok, 1.43 GiB	-40.5% vs 72.68	n=3+prefill	kept-fact	MTP drafter copy is the wall, not the target; proofs results/hq-fullvram-2026-09-22/hq-measure-4c.txt + attempt-4c.log
h51	weight offload lets MTP boot but decode collapses to 12.22	SPEC=mtp CTX=long MAX_LEN 16384 GPU_UTIL 0.90 + --cpu-offload-gb=2 (equals-form; space-form splits through ssh env)	72.68	12.22 median n=3 (11.62/12.22/12.24); prefill 289.4 t/s; load 12.45 GiB; KV 59918 tok 3.47 GiB; MTP accept len 3.47 first window settling ~2.1-2.8, accept rate 82.5%	-83.2% vs 72.68	n=3+prefill	reverted	offload tax dominates: every layer streams over PCIe gen3; acceptance healthy so the loss is transfer not speculation; results/hq-fullvram-2026-09-22/hq-measure-5.txt + attempt-5.log
h52	graph reservation is not the repack wall: --enforce-eager dies at same site	SPEC=mtp CTX=long MAX_LEN 16384 GPU_UTIL 0.90 + --enforce-eager (steered probe: drop ~1.2 GiB graph reservation before repack)	72.68	aten::empty at drafter gptq_marlin_repack, identical to rungs 3-4	n=1 boot	reverted	graph-before-load hypothesis falsified; repack transient + two full weight copies exceed the card regardless; results/hq-fullvram-2026-09-22/hq-attempt-6-eager.log
h53	production restored after full-VRAM ladder	systemctl --user start llama-watchdog.service; orcarouter-uncensored-IQ4_XS -c 98304 -ub 256 draft-mtp; kill -CONT 34846 Mac supervisor	72.68 expected	65.42 client median n=3 (63.86/65.42/69.93); engine 71.43 predicted_per_second, draft_n 594 accepted 400; /health ok; 34846 Rs	-10% client vs h45 (warm-cache/ctx-shape noise; engine-side 71.43 within band)	n=3	kept	checkpoint restored pristine (811M extra shard, index+config); backups removed; receipts results/hq-fullvram-2026-09-22/; results/hq-fullvram-2026-09-22/hq-confirm-production.txt
h54	decode-versus-fill curve and prefill after ub256	measured production server at fills 17/16701/33355/66685/91655 tok with 600 tok temp 0 and cache_prompt false	72.68 fresh median (h45)	decode 71.84-72.63 fresh then 53.53 at 16701 then 48.66 at 33355 then 47.54 at 66685 then 41.29 at 91655; prefill 1061.6/971.5/843.6/769.4 t/s; draft accept 52-69 percent by depth	decode -43 percent at 91k fill yet still above the pre-MTP fresh 36.6	n=2+5	kept	context-phase curve for the X post; ignore_eos A/B showed no crash trigger (71.84 vs 72.63 both healthy); one unexplained one-off server crash during an earlier malformed probe stays unverified
h55	chained compaction preserves literal facts across multiple summarization cycles without degradation	two-era chained sacrificial session: era1 (3 literals + SHROUD instruction) triggers compaction 1, era2 (3 literals) triggers compaction 2 in same session	morning single-cycle baseline 4/4 facts (tokensBefore 66631/76154/89659), chained multi-compaction unmeasured	compaction 1 tokensBefore 67259 (3/3 E1 facts + SHROUD instruction), compaction 2 tokensBefore 67568 (6/6 facts across E1+E2 + SHROUD instruction)	100% (6/6 vs 4/4 single-cycle baseline; zero fact loss, zero degradation across chain)	n=2 chained compactions in 1 session	fact-positive	summary 2 carried E1 facts forward via UPDATE_SUMMARIZATION_PROMPT and added E2 facts; E2C rode keepRecent 20000 window; SHROUD rule strictly followed on line 1 in both turns; receipts at ~/.omp/reviews/pi-compaction-chain-20260922T215451/
h56a	GGML_CUDA_FORCE_MMQ=1 improves at-depth decode on upstream server	export GGML_CUDA_FORCE_MMQ=1 in llama-serve.sh	48.78 at 33k fill (71.20 fresh)	48.81 at 33k fill (70.23 fresh)	+0.06% at 33k, -1.4% fresh	n=3 fill 33k + n=3 fresh	reverted	delta is noise (<10% target); fresh decode degraded slightly; docs/community-intel.md; results/h56-ladder-receipts.txt
h56b1	community Rule 1 (qwen38-mtp) predicts 24GB/10GB peak at draft depth 2	add --spec-draft-n-max 2 to llama-serve.sh	48.78 at 33k fill (71.20 fresh)	47.25 at 33k fill (62.18 fresh)	-3.1% at 33k, -12.7% fresh	n=3 fill 33k + n=3 fresh	reverted	default n-max 3 beats n-max 2 at working depth and fresh; draft acceptance 347/503; docs/community-intel.md; results/h56-ladder-receipts.txt
h56b2	h23/h42 optimal MTP chain length 4 on ik applies to upstream server at 98k ctx	add --spec-draft-n-max 4 to llama-serve.sh	48.78 at 33k fill (71.20 fresh)	UNRUNNABLE: SIGSEGV in launch_fattn during common_speculative_process (cuda allocation)	crash	n=0 (crashed on first prompt)	reverted	at 98304 context, n-max 4 increases speculative batch buffer beyond device memory headroom; identical to h45 -ub 512 crash site; docs/community-intel.md; results/h56-ladder-receipts.txt
h56b3	community Rule 2 predicts p-min filtering boosts effective draft throughput	add --spec-draft-p-min 0.60 (with default n-max 3) to llama-serve.sh	48.78 at 33k fill (71.20 fresh)	43.50 at 33k fill (58.58 fresh)	-10.8% at 33k, -17.7% fresh	n=3 fill 33k + n=3 fresh	reverted	confirms community Rule 2: p-min raises draft acceptance rate (82% vs 68%) but reduces net token generation speed; docs/community-intel.md; results/h56-ladder-receipts.txt
h56c	community launch command and h15 indicate q4_0 KV expands context ceiling to 147k+	-ctk q4_0 -ctv q4_0 in llama-serve.sh; context bisect 98304 -> 147456 -> 163840	48.78 at 33k fill (71.20 fresh, 98k ctx ceiling)	51.49 at 33k fill (61.14 fresh; ceiling 147456 clean, 163840 OOM)	+5.5% at 33k fill, -14.1% fresh; ceiling +50% (147456 vs 98304)	n=3 fill 33k + n=3 fresh + ceiling probe (147k n=3 fresh/n=1 33k; 163k OOM)	reverted-option	ceiling grows 50% (147456 tokens, 19614 MiB used) and 33k decode holds 51.49 t/s (+5.5%), but fresh decode drops to 61.14 t/s violating the 2% constraint vs 72.68; kept as documented option for 147k tasks; docs/community-intel.md; results/h56-ladder-receipts.txt
h56d	no candidate met both constraints (+10% at depth and fresh within 2% of 72.68); restore exact baseline	restore exact baseline flags in llama-serve.sh (-c 98304 -ctk q8_0 -ctv q8_0 -ub 256 draft-mtp)	71.20 fresh / 48.78 at 33k	fresh 70.49 (runs 70.49/70.93/70.47, draft 401/591); 16k: 59.18; 33k: 48.78; 66k: 41.25; 91k: 38.97	exact match to baseline / h54 curve	n=3 fresh + n=4 fill points (16k, 33k, 66k, 91k)	kept-baseline	production verified in 71-73 band (70.49 t/s, draft 401/591); 91k fill completes with 0 OOM; supervisor unfrozen; results/h56-curve-confirm.txt
h57	concurrent CUDA streams for token-gen via GGML_CUDA_GRAPH_OPT=1	export GGML_CUDA_GRAPH_OPT=1 in llama-serve.sh (upstream CUDA discussion 17621)	70.49-71.20 fresh / 48.78 at 33k	71.38 fresh (71.04/71.65/71.38, prefill 283.1, draft 401/591); 48.69 at 33k (49.05/48.69/48.55, prefill 963.3, draft 364/701)	-0.2% at 33k, fresh within 2%	n=3 fresh + n=3 at 33k	reverted	noise: no GB10-style regression (GB10 -11.3%, here -0.2%); +10% bar missed; production restored 71.03 fresh draft 401/591, launcher identical, supervisor unfrozen; docs/community-intel.md; results/h57-graphopt-receipts.txt
h58	bandwidth ceiling arithmetic	coder543 gguf_bandwidth.py on our GGUF at 760 GB/s with kv-bytes 1 and kv-used 0/33355/91655	-	ceiling 48.85 t/s fresh then 37.96 at 33k then 27.35 at 91k; measured raw 37.98 fresh = 77.7 percent of fresh ceiling; measured MTP 72.68/48.7/41.3 = 149/128/151 percent of the raw ceiling at the same depths	depth shrinks the raw ceiling faster than MTP decode falls	n=3	kept	arithmetic bound for the fastest-build claim; 3090 scales to 60.1 fresh ceiling; script saved at ~/gguf_bandwidth.py on the box
2026-09-22T11:17:21Z	h59-fg-setup	ladder run dir results/h59-fg-ladder opened, turboq qwen35 cloned at aaa66a5, frozen harness copied in	one variable per rung, separable build-vs-KV effects, committed trail per show-me-your-work	results/h59-fg-ladder/, turboq HEAD aaa66a5	open
2026-09-22T11:33:00Z	h59-f1-build	turboq qwen35 built sm86 at aaa66a5, Q4_K_XL landed 17.56GB sha prefix 3f227079003add25 matching HF LFS	needed sm86 binary before any engine-swap measurement; download ran concurrent with build	results/h59-fg-ladder/, ~/llama.cpp-turboq-mtp/build/bin/llama-server, ~/models/Qwen3.8-27B-UD-Q4_K_XL.gguf	open
2026-09-22T11:40:00Z	h59-f1-curve	turboq binary at identical baseline flags: fresh 74.00 (73.85/74.29/74.00) vs 70.49, 33k 50.42 (50.81/50.27/50.42) vs 48.78	build effect alone is +5.0% fresh and +3.4% at depth, both past noise, before any KV change	results/h59-fg-ladder/f1-turboq-baseline-fresh.txt, results/h59-fg-ladder/f1-turboq-baseline-33k.txt	kept-pending-full-curve
2026-09-22T11:55:00Z	h59-f1-full	turboq curve at baseline flags: fresh 74.00, 16k 61.85, 33k 50.42, 66k 42.90, 91k 40.81 vs baseline 70.49/59.18/48.78/41.25/38.97	think-on default both sides so timings count all 600 generated tokens; enable_thinking=false gives coherent 1973-char answers and 4/4 fact recall, guardrail passes	results/h59-fg-ladder/f1-turboq-*.txt, results/h59-fg-ladder/f1-quality-*	kept
2026-09-22T12:15:00Z	h59-f2-tbq3	tbq3 KV on turboq: fresh 59.44 (55.71/59.44/66.83, wide spread) vs 74.00, 33k 48.79 (50.00/48.79/46.03) vs 50.42; VRAM 17434 fresh vs 19862 q8 baseline	fused TBQ3 path costs ~20% fresh and ~3% at depth on this card; VRAM saves ~2.4GB but speed gate fails	results/h59-fg-ladder/f2-tbq3-fresh.txt, results/h59-fg-ladder/f2-tbq3-33k.txt	reverted
2026-09-22T12:30:00Z	h59-f2-tbq4	tbq4 KV on turboq: fresh 64.77 (59.13/67.31/64.77) vs 74.00, 33k 45.90 (46.72/45.90/42.43) vs 50.42; VRAM 17818 fresh vs 19862 q8 baseline	fused TBQ4 path costs ~12% fresh and ~9% at depth on sm86; saves ~2GB VRAM but speed gate fails	results/h59-fg-ladder/f2-tbq4-fresh.txt, results/h59-fg-ladder/f2-tbq4-33k.txt	reverted
2026-09-22T12:45:00Z	h59-f2-compound-nmax4	n-max 4 on TBQ4 KV: fresh 56.90 (54.27/58.83/56.90) vs n3 64.77, 33k 42.86 (41.46/43.97/42.86) vs n3 45.90; VRAM 17970-18030 MiB vs q8 OOM/SIGSEGV	compound hypothesis FALSIFIED: TBQ4 frees enough VRAM for n-max 4 to boot and run at 98k ctx (zero SIGSEGV), but n4 is slower than n3 on both fresh (-12.2%) and depth (-6.6%); draft acceptance 375/892 fresh (42%) vs 379/656 (58%)	results/h59-fg-ladder/f2-tbq4-nmax4-*.txt	reverted
2026-09-22T13:05:00Z	h59-g-quant-q4kxl	Unsloth Qwen3.8-27B-UD-Q4_K_XL Dynamic 3.0 (17.56GB): OOM at q8_0 KV on 98k ctx (weights+3.4GB KV > 19.57GB); fits at TBQ4 KV (19680 MiB) but decode collapses: fresh 49.41 (47.81/54.21/49.41) vs 74.00 (-33.2%), 33k 39.22 (40.21/39.04/39.22) vs 50.42 (-22.2%)	heavier 17.56GB weights leave no VRAM for q8 KV at 98k ctx; forcing TBQ4 KV costs 33% fresh and 22% depth; speed gate completely failed; quimmedes Q4-XYZ-v2 is 401/repo-not-found on HF	results/h59-fg-ladder/g-q4kxl-*.txt	reverted
2026-09-22T13:30:00Z	h59-e-upstream	upstream master a60f9ae at baseline flags: fresh 71.92 (71.55/72.22/71.92) vs turboq 74.00, 33k 49.34 (49.28/49.34/49.43) vs turboq 50.42; quality coherent 1597 chars, 4/4 probe	turboq fork leads upstream master by +2.9% fresh and +2.2% at depth; guardrail passes both; expected +1.5% rebuild gain exceeded by engine swap alone	results/h59-fg-ladder/e-upstream-*.txt	reverted-keep-turboq
2026-09-22T13:45:00Z	h59-production	production left at turboq qwen35 aaa66a5 with baseline flags (orcarouter IQ4_XS, q8_0 KV, ub256, draft-mtp n3), launcher updated with LD_LIBRARY_PATH; verify fresh 73.84 (74.09/73.84/73.53) draft 399/597; watchdog active, /health ok, VRAM 19922 resident, supervisor 34846 unfrozen (Rs)	new best on box is the engine swap, all KV/quant/n-max/upstream challengers reverted within guardrails	results/h59-fg-ladder/production-verify-fresh.txt	kept-PRODUCTION
2026-09-23T00:40:00Z	h60-swa8-curve	SWA hybrid N=8 window 4096 on turboq qwen35 (comma-form override-kv; double-flag form silently drops window per arg.cpp:762): fresh 61.75 (61.28/61.95/61.75, n=3) vs 74.00, 16k 55.89 vs 61.85, 33k 64.41 (65.10/64.41/64.27, n=3) vs 50.42, 66k 56.52 vs 42.90, 91k 49.15 vs 40.81; VRAM 18.3GB vs 19.9GB confirms engagement; winner-boot fresh re-run 60.80 (60.80/61.05/60.59)	-16.6% fresh, +27.7% at 33k, +31.7% at 66k, +20.5% at 91k	n=3 fresh+33k, n=1 deep points	kept-candidate	fresh violates 2% guardrail but deep curve wins big; recall+quality decide; results/h59-fg-ladder/h60-swa8-*.txt
2026-09-23T00:50:00Z	h60-swa8-recall	beyond-window recall at N=8 via /completion (chat endpoint buries answers in reasoning_content, load-bearing read is /completion): 16k QZM-5520-KILO verbatim PASS, 91k (91066 prompt tok) QZM-5520-KILO verbatim PASS; quality guardrail via /completion: fresh coherent 1615 chars, probe XKQ-1138/MARO VESS/47291/CATTLEYA LUMINA 4/4 PASS	N=8 recalls past 22x window; quality passes	n=1 per point + probe	kept-candidate	SWA hybrid keeps long-range recall at N=8 on this stack; results/h59-fg-ladder/h60-swa8-quality-*.txt
2026-09-23T01:00:00Z	h60-swa4	N=4 on 33k deep point: 64.08 (63.76/64.17/64.08, n=3) vs N=8 64.41; recall via /completion: 16k QZM-552-552 hallucinated FAIL, 91k echo-loop FAIL; VRAM 17.5GB	speed ties N=8 (-0.5%) but recall fails both depths	n=3 speed + n=1 recall x2	reverted	N=4 matches fork finding (N=2/4 fail recall); results/h59-fg-ladder/h60-swa4-33k.txt
2026-09-23T01:05:00Z	h60-swa13	N=13 on 33k deep point: 55.05 (55.13/54.94/55.05, n=3) vs N=8 64.41; recall via /completion: 16k PASS, 91k PASS; VRAM 19.3GB	-14.5% vs N=8 at 33k with recall passing	n=3 speed + n=1 recall x2	reverted	N=13 recalls but slower than N=8, matches fork direction (13 recalls but slower); results/h59-fg-ladder/h60-swa13-33k.txt
2026-09-23T01:08:00Z	h60-ceiling	context ceiling on SWA winner: 100k/110k fills rejected HTTP 400 exceeds available context 98304 (99330 prompt tok vs 98304 ctx); ceiling is -c config, not VRAM (SWA holds 18.3GB with 2.2GB headroom)	ceiling 98304 unchanged	probe x2	reverted-option	SWA saves ~1.6GB but cannot extend ceiling without -c restart (untested); 147k q4_0 option from h56c untested under SWA
2026-09-23T01:13:00Z	h60-verdict	SWA hybrid REVERTED: N=8 wins depth (+20 to +32%) with recall passing, but fresh guardrail fails hard (-16.6%, two boots 61.75/60.80 vs 74.00); single-stream production metric is fresh-dominant so no keep path; restored exact h59 config (diff RESTORED_IDENTICAL), watchdog restarted, production verify fresh 73.72 (73.94/73.72/73.55) draft 399/597 in 73-75 band, VRAM 19862 resident, supervisor 34846 unfrozen (Rs)	production 73.72 fresh, 0 OOM	n=3 verify	kept-baseline	production at turboq qwen35 aaa66a5 baseline flags; SWA stays documented option for deep-fill workloads; results/h59-fg-ladder/h60-restore-verify-fresh.txt
2026-09-23T01:25:00Z	h61-rebaseline	re-baseline h59 production on n=5+warmup protocol: fresh 73.67 (74.31/73.87/73.67/73.48/73.09, warm 74.56), 33k 50.35 (50.38/50.36/50.24/50.35/50.31, warm 50.50), 91k 40.68 (40.76/40.71/40.68/40.63/40.65, warm 40.75); prefill 282.4/948.4/746.0; quality 4/4 PASS via /completion	tightest spread in ledger: fresh ±0.6 t/s, 33k ±0.07 t/s, 91k ±0.06 t/s across 5 runs	n=5 fresh/33k/91k + warmup	kept-baseline	confirms h59 baseline (74.00/50.42/40.81) within noise under new protocol; results/h61-overnight-ladder/h61-baseline-*.txt
2026-09-23T01:35:00Z	h62-draft-q8	draft KV q8_0 (-ctkd q8_0 -ctvd q8_0) at 98k ctx: boot failure, cudaMalloc failed allocating 472.27 MiB in graph_reserve during common_speculative_init_result (MTP context)	UNRUNNABLE: draft q8_0 KV allocation triggers VRAM cliff at 98304 ctx	n=0 (boot failure)	reverted	fused draft buffers exceed 20GB card at 98k context; results/h61-overnight-ladder/
2026-09-23T01:40:00Z	h64-draft-tbq4	draft KV tbq4_0 (-ctkd tbq4_0 -ctvd tbq4_0): boots clean, VRAM 19578 MiB (-284 MiB); fresh 72.28 (72.28/72.28/72.53/71.56/72.95, warm 72.42) vs 73.67 (-1.9%), 33k 47.32 (48.46/46.95/47.32/47.15/47.39, warm 47.65) vs 50.35 (-6.0%); prefill 282.6/910.1	saves ~284 MiB VRAM but decode loses at fresh (-1.9%) and depth (-6.0%)	n=5 fresh/33k + warmup	reverted	TBQ4 dequantization overhead on draft cache hurts decode throughput; results/h61-overnight-ladder/h64-draft-tbq4-*.txt
2026-09-23T01:43:00Z	h63-draft-q4	draft KV q4_0 (-ctkd q4_0 -ctvd q4_0): boots clean at 19976 MiB, but first inference aborts in ggml_cuda_error / ggml_abort during graph_compute (cuda allocation)	CRASH on inference: cuda error in graph_compute	n=0 (crashed on prompt)	reverted	q4_0 draft KV unrunnable in MTP compute graph; results/h61-overnight-ladder/
2026-09-23T01:48:00Z	h65-nmax4-49k	n-max 4 on 49k context (-c 49152 --spec-draft-n-max 4): boots clean, VRAM 18024 MiB; fresh 65.75 (66.44/66.09/65.75/65.56/65.47, warm 67.25) vs 73.67 (-10.7%), 33k 49.01 (49.01/48.30/49.07/48.77/49.07, warm 48.43) vs 50.35 (-2.7%); draft acc 401/790 (50.8%) vs 399/597 (66.8%)	n-max 4 slower across the curve due to draft acceptance drop (50.8% vs 66.8%)	n=5 fresh/33k + warmup	reverted	longer draft chains dilute acceptance and hurt single-stream decode; confirms h56b2/h59-f2 direction; results/h61-overnight-ladder/nmax4-49k-*.txt
2026-09-23T01:52:00Z	h66-ngram-mod	ngram-mod stacking (--spec-type draft-mtp,ngram-mod --spec-ngram-mod-n-min 16 --spec-ngram-mod-n-max 64): boots clean, VRAM 19922 MiB; fresh 72.15 (72.69/72.36/72.15/71.92/71.77, warm 72.93) vs 73.67 (-2.1%), 33k 50.84 (50.67/50.84/50.84/50.92/50.85, warm 50.54) vs 50.35 (+1.0%); prefill 199.2/943.3	33k decode +1.0% (noise band, misses +10% bar); fresh drops 2.1% below 2% guardrail (floor 72.20)	n=5 fresh/33k + warmup	reverted	ngram overhead costs fresh decode without moving depth past noise; results/h61-overnight-ladder/ngram-mod-base-*.txt
2026-09-23T01:57:00Z	h67-ub128	ubatch trim at 98k ctx (-ub 128 -b 128): boots clean, VRAM 19776 MiB (-146 MiB); fresh 72.13 (72.81/72.46/72.13/71.93/71.89, warm 73.20) vs 73.67 (-2.1%), 33k 48.16 (48.08/48.16/48.18/48.15/48.20, warm 48.45) vs 50.35 (-4.3%); prefill 279.5/867.5 (-8.5%)	smaller ubatch reduces decode throughput at both fresh (-2.1%) and 33k (-4.3%), prefill slows	n=5 fresh/33k + warmup	reverted	ub 256 remains the proven optimum; results/h61-overnight-ladder/ub128-*.txt
2026-09-23T02:00:00Z	h61-production-restore	production restored to exact h59 baseline flags; verify fresh 72.39 (72.50/72.39/72.14, warm 72.73) draft 399/597, /health ok, watchdog active, VRAM 19862 resident, supervisor 34846 unfrozen (Rs)	exact baseline restored pristine, supervisor live	n=3 verify + warmup	kept-baseline	all challengers reverted within guardrails; h59 configuration remains champion; results/h61-overnight-ladder/h61-production-verify-fresh.txt
2026-09-23T02:05:00Z	h68-swa8-q4kv	SWA N=8 with -ctk q4_0 -ctv q4_0 at 98k ctx: boots clean at 17498 MiB; fresh 71.17 (71.76/71.55/71.17/71.00/70.91, warm 71.77) vs 73.67 (-3.4%), 33k 56.04 (56.04/56.01/55.97/56.11/56.13, warm 56.01) vs 50.35 (+11.3%); prefill 283.3/1008.5	fresh drops 3.4% below 2% guardrail (floor 72.20), missing keep bar despite +11.3% at 33k; slower than SWA N=8 q8_0 KV (64.41 at 33k)	n=5 fresh/33k + warmup	reverted	q4_0 KV dequantization overhead compounds with SWA windowing overhead; results/h61-overnight-ladder/h68-swa8-q4kv-*.txt
2026-09-23T02:12:00Z	h69-swa8-131k	SWA N=8 at -c 131072 window-growth test: boots clean at 19132 MiB, VRAM headroom 1348 MiB; fresh 59.79 (60.35/60.08/59.79/59.68/59.56, warm 60.39) vs 73.67 (-18.8%), 33k 64.37 (64.33/64.23/64.41/64.37/64.41, warm 64.24) vs 50.35 (+27.8%); beyond-window recall at 33k 4/4 PASS verbatim (XKQ-1138, MARO VESS, 47291, CATTLEYA LUMINA)	window extends +33% to 131072 with 0 OOM and 4/4 recall, but at-depth cost vs 98k SWA (64.41) is 0%, while fresh decode is -18.8% vs 73.67	n=5 fresh/33k + warmup + recall	reverted-option	window-growth bar failed due to fresh decode collapse; kept as documented 131k option; results/h61-overnight-ladder/h69-swa8-131k-*.txt
2026-09-23T02:35:00Z	h70-tbq4-91k	main TBQ4 KV at 91k fill (-ctk tbq4_0 -ctv tbq4_0): boots clean at 17818 MiB; warmup run decode 33.88 t/s vs 40.68 baseline (-16.7%), prefill collapses from 746.0 to 298.0 t/s (-60.1%); 91k prompt eval takes >230s per run (5 runs timed out >1200s)	fused TBQ4 KV path is slower than q8_0 KV even at the 91k depth extreme (-16.7% decode, -60.1% prefill); theory falsified	n=1 warmup + partial	reverted	fused DSV4 dequantization overhead on sm86 scales worse than q8_0 KV at large prompt lengths; results/h61-overnight-ladder/
2026-09-23T02:40:00Z	h71-ngram-code	ngram-mod stacking on Rust Red-Black Tree code prompt: decode 53.46 t/s vs baseline 53.73 t/s (-0.5%), draft acceptance 326/818 (39.9%) identical to baseline 326/818 (39.9%), prefill 333.1 vs 330.0 t/s	code prompt shows zero speculative gain from ngram-mod (+0.0 pp draft acceptance, -0.5% decode speed)	n=1 code prompt comparison	reverted	speculative ngram drafter does not trigger on non-repeating AST/code tokens in single-stream generation; results/h61-overnight-ladder/
2026-09-23T02:45:00Z	h72-ub64	ubatch 64 at 98k ctx (-ub 64 -b 64): boots clean at 19734 MiB; fresh decode 61.73 (62.11/61.83/61.73/61.41/61.16, warm 62.16) vs 73.67 (-16.2%), prefill 209.3 vs 282.4 t/s (-25.9%)	small ubatch 64 severely degrades decode throughput on Ampere sm86	n=5 fresh + warmup	reverted	ub 64 starves CUDA execution units during MTP processing; results/h61-overnight-ladder/ub64-fresh.txt
2026-09-23T02:50:00Z	h73-ub384	ubatch 384 at 98k ctx (-ub 384 -b 384): boots clean at 19946 MiB (tight VRAM, 534 MiB free); fresh decode 72.43 (73.07/72.70/72.43/72.31/71.98, warm 73.32) vs 73.67 (-1.7%), prefill 319.2 vs 282.4 t/s (+13.0%)	prefill improves +13.0% but decode is -1.7% (noise/loss); near VRAM ceiling with zero safety margin for depth fill	n=5 fresh + warmup	reverted	ub 384 leaves insufficient headroom for 91k fill buffers; results/h61-overnight-ladder/ub384-fresh.txt
2026-09-23T02:55:00Z	h74-pmin60	p-min 0.60 single control (--spec-draft-p-min 0.60): boots clean at 19862 MiB; fresh decode 54.95 (54.79/51.80/55.22/54.95/61.88, warm 54.63) vs 73.67 (-25.4%), prefill 279.0 vs 282.4 t/s; draft acceptance 329/394 (83.5%) vs 399/597 (66.8%)	confirms Rule 2 and h56b3: p-min raises draft acceptance rate (+16.7 pp) but cuts decode speed by 25%	n=5 fresh + warmup	reverted	filtering out lower-confidence draft tokens reduces generated tokens per step; results/h61-overnight-ladder/pmin60-fresh.txt
2026-09-23T03:00:00Z	h75-final-restore	production restored to exact h59 baseline; verify fresh decode 72.51 (72.91/72.51/72.41, warm 73.23) draft 399/597, /health ok, watchdog active, VRAM 19862 resident, supervisor 34846 unfrozen (Rs)	baseline verified in 72-74 band; supervisor running	n=3 verify + warmup	kept-baseline	queue exhausted; all 13 challengers across night run reverted within guardrails; h59 baseline stands undefeated; results/h61-overnight-ladder/h61-final-production-verify.txt
h76	196608 SWA8 q4KV MTP context profile	SWA window 4096 with globals 8, -ctk q4_0 -ctv q4_0, -c 196608 on turboq fork aaa66a5	74.00 fresh / 50.42 at 33k / 40.81 at 91k at 98304 dense q8	76.41 fresh median / 57.51 at 33k / 54.40 at 91k / 55.54 at 111k / 51.07 at 150k; window 196608; recall PASS at 111k and 150k, FAIL at 183k with literal corruption; resident 19331 MiB	fresh +3.3%, 33k +14%, 91k +33%, window +100%	n=3+4	kept	new production profile; 262144 with MTP boot-blocked by a 1 GiB draft-KV cudaMalloc fail, fork sizing bug, same family as h62-h64; one observed slot LCP-restore wedge after an 183k task with cache_prompt false, not reproduced at 20k prefix, cause unverified
h77	262144 no-spec max window rung	drop MTP, SWA8 q4_0 at -c 262144 on turboq fork	h76 profile 76.41 fresh / 54.40 at 91k at 196608	window 262144 boots at resident 18615 MiB, fresh 39.03 median / 27.83 at 91k / 18.87 at 250k; recall FAIL at 250k, literal ONYX-31-CACTUS corrupted to ONX-31-CACTUS	window +33% to the trained limit at minus 49% fresh	n=3+2	 reverted	the trained 262k is reachable without MTP but unusable as a default. Recall corruption recurs at 250k so the recall frontier is depth driven, measured at 150k PASS and 183k FAIL, not MTP driven. Kept profile remains h76
2026-09-23T12:00:00Z	h78-draft-kv-ceiling	q8 draft KV at 262144 fails with 8192.00 MiB CUDA request (8589934592 bytes, 32768 bytes/token); expected q8 cache estimate at 98304 was 472 MiB (~4.9 KiB/token), confirming fork quantized-draft sizing defect; f16 MTP boots 224640 at 19883 MiB and fresh 72.26 decode / 211.1 prefill, but 245760 fails at 154.01 MiB compute-pp alloc / 161489024 bytes and 262144 fails at 1024 MiB / 1073741824 bytes	224640 fresh speed is within h76 range, but 200k recall probe returned empty content and 0/4 under a 224640 context cap, so wider profile is not accepted as trustworthy; measured f16 ceiling is 224640 to below 245760; q8 draft formula is faulty; h76 retained and restored	q8 one arm + prior owner attempt; 224640 warmup + n=3 fresh; 245760/262144 boot attempts; one 200k recall; final h76 fresh verification	reverted; h76 remains production	results/h78-draft-kv-sizing.txt; remote receipts /home/jamie/h78-224640-warm.txt, /home/jamie/h78-224640-fresh.txt, /home/jamie/h78-224640-recall-200k.txt, /home/jamie/h78-final-h76-verify.txt; remote llama-server.log
2026-09-23T14:00:00Z	h79-mtp-kv-trace	One authorized isolated-build diagnostic arm for q8_0 MTP at 262144 with cache tensor traces; window closed and h76 restored	Separate build-h79-trace2 compiled with CUDA arch 86. The attempt failed before MTP cache construction at graph reserve: 1,250,189,440 bytes / 1192.27 MiB compute-pp buffer; no cache tensor trace emitted. Source formula for one accepted Qwen35 MTP layer at 262144 predicts q8_0 K+V=570,425,344 bytes (K=V=285,212,672), versus f16 K+V=1,073,741,824 bytes. The prior 8,589,934,592-byte q8 KV request remains unfalsified and owned by a future source fix; it is not the 262k fit gate because the earlier compute graph itself is already short on VRAM. Practical MTP ceiling is 224640 on this card; 262k needs smaller drafter footprint or no speculation. Separate content-dependent smoke after restore returned 600 tokens at 96.42 tok/s, draft accepted 446/457 (97.6%) on an unrecorded count-up prompt. This single observation does not replace h76 protocol result 76.41 tok/s, draft acceptance 64-70%; it shows acceptance and decode speed vary with content, consistent with recorded code-versus-prose evidence in h39-h42/h43-h44. Remote src/llama-kv-cache.cpp was modified after the diagnostic patch was reverted. Provenance is unknown, left untouched and open.	Build compiled; exact runtime arm in results/h79-mtp-kv-trace.txt; h76 restored with /health ok, watchdog active, 19331 MiB resident, Mac supervisor PID 34846 resumed; smoke HTTP 200	1 diagnostic arm, no repeated failed ladder	kept-baseline	production remains h76; no source correction justified by this trace; results/h79-mtp-kv-trace.txt
2026-09-23T01:53:00Z	h80-phaseA-build	slim-20gb separate venv reproduces the repo stack with the 4 rewrite patches, and the rewrite index guard plus q38-lemin mtp completeness hold before any GPU window	created /home/jamie/venv-slim20 from docker/requirements.txt (python 3.12.14, torch 2.13.0+cu130, vllm 0.28.0, triton 3.7.1, transformers 5.15.0, tokenizers 0.22.2, compressed_tensors 0.17.0) with all 42 series patches applied via patch --fuzz 0 (slim-mtp-shared-loader, slim-mtp-int4-cache, slim-mtp-draft-geometry, slim-mtp-own-head-fallback included) plus kvarn install; reference /home/jamie/qwen-serving/venv untouched	verify.sh --install OK 0 failures (PATH=/opt/cuda/bin, CUDA_HOME=/opt/cuda, has_flashinfer True, nvcc 13.3); compileall OK; vllm --version 0.28.0; cuda_available True on RTX 3080; INDEX_CHECK PASS ValueError names all 5 absent mtp.* prefixes; q38-lemin index carries all 5 required prefixes (15 mtp tensors, 0 own-head, prebinding eligible); pin diff vs reference venv is ref-only flashinfer_cubin humanize runai_model_streamer; trace hook dry-run emits trace-installed	build 287s	n/a build gate	kept	Phase A complete; box receipts /home/jamie/hq20/build.sh, /home/jamie/hq20/verify-install.txt, /home/jamie/hq20/idxcheck.py
2026-09-23T02:25:00Z	h81-phaseB-d1-stop	the rewrite loader fix removes the duplicate target read and early binding removes the duplicate allocation, so the h49 failing configuration boots and fits at 20GB	controlled retest of h49 rung 1 with only the loader fix changed (4 slim patches on the 42-patch stack in fresh venv-slim20): MODEL=q38-lemin SPEC=mtp CTX=long MAX_LEN=16384 GPU_UTIL=0.95 with the TESTPLAN instrumented trace; run 1 died at init_device (ValueError: Free memory on device cuda:0 (18.46/19.57 GiB) on startup is less than desired) caused by my tracer creating CUDA contexts at interpreter start (resident 216 MiB in APIServer plus EngineCore; tracer fixed CUDA-free at startup and the HQT_INSTALLED env guard that skipped the spawned EngineCore was dropped); runs 2-3 reached target load then died at vllm/v1/spec_decode/llm_base_proposer.py:1399 in the slim-mtp-shared-loader can_share chain: AttributeError: NoneType object has no attribute load_format on self.speculative_config.draft_load_config which is None under the MTP CLI config	verbatim error and failing phase captured per the Phase B stop rule and the runtime ladder stopped there; trace evidence: Checkpoint size logged exactly once (single 15.79 GiB read, 8.36s load) versus twice in h49 so the duplicate target read is eliminated (claim 1 proven); 514 marlin repack samples over 257 target modules (weight_packed and weight_scale per module, MarlinLinearKernel); target settles at alloc 14.32 GiB reserved 16.92 max_alloc 16.69 resident 17.19 free 1.70 GiB at p3_before_draft_model_construct, then D1 aborts before any drafter allocation so early binding and its allocation saving (claim 2) are unmeasured and the 20GB MTP fit verdict is UNPROVEN; INDEX_CHECK PASS (hard error names all 5 absent mtp prefixes); q38-lemin has all 5 required prefixes (15 mtp tensors, 0 own-head, prebinding eligible)	3 instrumented boot arms + index and prefix checks; window closed with h76 restore verify	stopped per Phase B rule; fit unproven	top follow-on is a one-line fix in the slim-mtp-shared-loader can_share chain (read load_format via getattr(self.speculative_config.draft_load_config, "load_format", "auto")) regenerated through scripts/export-patch.sh per PATCHES.md (do not hand-edit patch files), then one re-run of this same arm; receipts results/hq20-slim20gb/box/ (phaseB-arm.log = run 1, phaseB-arm2.log and phaseB-arm3.log = D1 with trace, phaseB-trace.jsonl, phaseB-trace-table.txt)
2026-09-23T02:47:00Z	h82-h76-restore	window B closed per protocol with production restored and verified	clear crashed arm remnants (none held GPU), binary gate /home/jamie/llama.cpp-turboq-mtp/build/bin/llama-server test -x and --version run, launcher restored from /home/jamie/llama/llama-serve.sh.h76-savepoint-h77, watchdog restarted, band check run, supervisor unfrozen	version 1 (aaa66a5) built with GNU 16.2.1; launcher RESTORED_IDENTICAL (diff empty vs savepoint); /health 200 after 30s; h76verify 3x600 tok temp 0: client 64.83/65.89/68.76 median 65.89, engine predicted_per_second 72.30 inside the 71-77 band, draft 394 of 612 accepted (accepted in the 350-450 band; drafted 612 is +5.5% vs the 580-597 reference on this prompt shape), watchdog active, resident 19391 MiB, supervisor 34846 running (Rs)	n=3 verify	kept-baseline	production remains the h76 profile untouched; receipts results/hq20-slim20gb/box/h76verify.txt
2026-09-23T03:10:00Z	h83-d1-fix	the authorized getattr fix clears the can_share crash so the exact h81 arm proceeds into the shared-load construction	folded getattr(self.speculative_config.draft_load_config, "load_format", "auto") into the slim-mtp-shared-loader can_share chain per authorization; the commit stack was rebuilt by cherry-pick to keep topic purity after the first fixup rebase leaked and not draft_has_own_head into shared-loader: shared-loader d7b59eb5d -> 045ea3521, int4-cache 3720e499b -> f6a2ef968, draft-geometry c633aefb0 -> 8f4ea00c9, own-head 9a145ba8e -> 01963bcae (all local-only, ahead 4 of origin); all four patches regenerated through scripts/export-patch.sh with audit passing (and not draft_has_own_head absent from shared-loader, present once in own-head, getattr as shared-loader addition and as own-head carried context); venv tree rebuilt from the regenerated series after a clean pip uninstall and install because --force-reinstall did not replace the tree	D1 AttributeError gone: can_share evaluates cleanly and the re-run reaches the shared-load construction; verify.sh --install OK 0 failures with PATH=/opt/cuda/bin (carried context applies), compileall OK, created-file patches present; trace reproduces the target side exactly (p1, 514 p4 repacks over 257 modules, p2, p3 fired) at alloc 14.32 reserved 16.92 resident 17.19 free 1.70 GiB	verify.sh --install + 1 instrumented arm re-run	kept (D1 cleared)	receipts results/hq20-slim20gb/box2/ (four regenerated patches, fixd1.py, resolve scripts, ladder-h83-conq.log, trace jsonl and table, verify-install3.txt); new SHAs as named above
2026-09-23T03:15:00Z	h84-d2-stop-restore	with D1 cleared the conquered case boots and the fit ladder can run	the exact h81 arm re-run continued one step past can_share and died in the shared-load construction on a second unguarded draft_load_config dereference	verbatim: AttributeError: NoneType object has no attribute model_loader_extra_config at DefaultModelLoader.__init__ (extra_config = load_config.model_loader_extra_config) reached from llm_base_proposer._get_model at model = DefaultModelLoader(self.speculative_config.draft_load_config) with draft_load_config None; failing phase: drafter construction, shared-load DefaultModelLoader construction, after can_share, before any drafter allocation (trace shows p3 fired and no p5); new blocker per the stop rule so the fit ladder, the measurement suite and the Phase D quality battery are unrun and the 20GB MTP fit verdict stays UNPROVEN; window C closed per protocol: binary aaa66a5 passes test -x and --version, launcher RESTORED_IDENTICAL from the savepoint, /health 200 in 30s, h76verify VERIFY PASS engine_decode=72.19 draft=394/612, watchdog active, resident 19128 MiB, supervisor 34846 resumed	1 arm re-run + window closeout verify	stopped per new-blocker rule; fit unproven	top follow-on: fix both draft_load_config call sites in slim-mtp-shared-loader._get_model with the same defaulting form (DefaultModelLoader(self.speculative_config.draft_load_config or LoadConfig()) and load_config=self.speculative_config.draft_load_config or LoadConfig(), with LoadConfig imported), regenerate through scripts/export-patch.sh, re-run the same arm; receipts results/hq20-slim20gb/box2/ladder-h83-conq.log
2026-09-23T04:10:00Z	h85-conq-fit-proven	the D2 class fix clears the shared-load crash so the exact h49 failing configuration boots with MTP on the 20GB card	normalized once at _get_model entry per authorization (draft_load_config = self.speculative_config.draft_load_config or LoadConfig(), LoadConfig from vllm.config.load) and threaded both call sites; D3 sweep recorded before the rerun (2 at-risk derefs at llm_base_proposer.py:1340 and :1349 fixed by the threading, :1399 already guarded, 15 DefaultModelLoader load_config derefs covered by the normalization, draft_model_config non-None by construction, no D3 candidate in scope, receipt box3/d2-sweep.txt); stack rebuilt by cherry-pick with clean topic split (shared-loader 045ea3521 -> 59a0234aa, int4-cache f6a2ef968 -> 53da3289d, draft-geometry 8f4ea00c9 -> 6c5db5435, own-head 01963bcae -> cfd09dcb9, local-only ahead 4); four patches regenerated through export-patch.sh with audit passing; venv tree rebuilt via clean uninstall and install; the deliberate window-stop SIGTERM teardown artifact in llama-server.log noted per HyperQwenHillclimb read-only observation (std::terminate in the stream_session_manager destructor on pkill, gdb dump appended, self-recovered, not an arm crash and not in the crash-reject class)	MTP BOOTS AND SERVES at MODEL=q38-lemin SPEC=mtp CTX=long MAX_LEN=16384 GPU_UTIL=0.95: HEALTH_OK in 240s, 600 tok at e2e 71.05, mean acceptance length 2.59, KV pool 33236 tokens at 2.03x concurrency, one checkpoint read; full TESTPLAN trace captured (p1, 514 p4 repacks, p2, p3, p3_draft, p4x, p5, p6b x5, p6c) with embed_identity true, head_identity true, shared_modules 2, draft_only true proving the early binding shares the target embedding and head; drafter adds only 0.85 GiB (p3 alloc 15.38 to p5 alloc 16.23); whole stack including KV and CUDA graphs settles at alloc 18.31 GiB, reserved 18.49, resident 18.88, free 1.33 GiB where h49 died at 17.52 alloc refusing a 1.19 GiB request; 20GB MTP fit verdict PROVEN at 16384	verify.sh --install 0 failures + D3 sweep + 1 instrumented boot and smoke	kept (conquered case proven)	receipts results/hq20-slim20gb/box3/ and box/ (ladder-h85-conq.log, ladder-h85-conq-trace.jsonl, ladder-h85-conq-trace-table.txt)
2026-09-23T04:15:00Z	h86-6k	fit rung MAX_LEN 6144 on fp8 boots and serves	fit gate via rung.sh h86-6k 6144 fp8	HEALTH_OK in 240s, KV pool 18966 tokens at 3.09x concurrency, smoke 600 tok e2e 72.29, mean acceptance 2.71, one checkpoint read, resident 19576 MiB	fit gate + smoke	kept-fact	receipts box/ smoke-h86-6k.txt, ladder-h86-6k.log, ladder-h86-6k-trace.jsonl
2026-09-23T04:18:00Z	h87-24k	fit rung MAX_LEN 24576 on fp8 boots and serves	fit gate via rung.sh h87-24k 24576 fp8	HEALTH_OK in 240s, KV pool 38775 tokens at 1.58x concurrency, smoke 600 tok e2e 70.27, mean acceptance 2.66, one checkpoint read, resident 19576 MiB	fit gate + smoke	kept-fact	receipts box/ smoke-h87-24k.txt, ladder-h87-24k.log, ladder-h87-24k-trace.jsonl
2026-09-23T04:22:00Z	h88-60k	fit rung MAX_LEN 61440 on fp8 fits the KV budget	fit gate via rung.sh h88-60k 61440 fp8	ARM_DIED at engine init, ValueError from kv_cache_utils: To serve at least one request with the model's max_model_len (the KV pool cannot hold 61440 tokens at the fp8 bytes per token within the 0.95 budget), memory-bound refusal not a code defect; the declared int4 per-token-head cache contingency applies	fit gate	refused-fp8 (depth requires the int4 path)	receipts box/ ladder-h88-60k.log (the refusal is the depth trigger named in the brief)
2026-09-23T04:25:00Z	h89-91k	fit rung MAX_LEN 93184 on fp8 fits the KV budget	fit gate via rung.sh h89-91k 93184 fp8	ARM_DIED at engine init, same kv_cache_utils ValueError class, memory-bound	fit gate	refused-fp8	receipts box/ ladder-h89-91k.log
2026-09-23T04:30:00Z	h90-60k-int4	fit rung MAX_LEN 61440 with the int4 per-token-head cache (commit 2 path, --kv-cache-dtype int4_per_token_head --attention-backend TRITON_ATTN) fits and serves	fit gate via rung.sh h90-60k-int4 61440 int4	HEALTH_OK in 240s, KV pool 75093 tokens at 1.22x concurrency (2.26x the fp8 pool), smoke 600 tok decode 81.32 e2e 79.87 ttft 0.15s, one checkpoint read, resident 18760 MiB (lower than fp8 at smaller rungs)	fit gate + smoke	kept (WINNING SHAPE: MAX_LEN 61440 int4 per-token-head cache, GPU_UTIL 0.95)	receipts box/ smoke-h90-60k-int4.txt, ladder-h90-60k-int4.log, ladder-h90-60k-int4-trace.jsonl (p6a int4 scratch plan captured)
2026-09-23T04:33:00Z	h91-91k-int4	fit rung MAX_LEN 93184 with the int4 per-token-head cache fits and serves	fit gate via rung.sh h91-91k-int4 93184 int4	ARM_DIED at engine init, same kv_cache_utils ValueError class: the 75093-token int4 pool ceiling is below the 93184 the rung requires; the 91k rung is unfittable on both declared KV types and the fit ladder verdict is 6144 yes, 24576 yes, 61440 yes on int4, 93184 no on either	fit gate	refused-int4 (91k rung unfittable)	receipts box/ ladder-h91-91k-int4.log
2026-09-23T04:45:00Z	h92-measure	the slim-20gb MTP stack at the winning shape competes with the turboq h76 profile at the fresh and depth points	measurement suite at the winning shape (MODEL=q38-lemin SPEC=mtp CTX=long MAX_LEN=61440 GPU_UTIL=0.95 PORT=18020 EXTRA_ARGS=--kv-cache-dtype int4_per_token_head --attention-backend TRITON_ATTN, MTP k=3 draft_sample_method probabilistic, max_num_batched_tokens 2048, MAX_SEQS 8, CUDA_HOME=/opt/cuda with PATH=/opt/cuda/bin, expandable_segments True), 600 tok temp 0, one discarded warmup plus five samples per point, fills 0, 33355 and 60000 (the 91k point is fit-blocked at this shape so 60000 with 600 gen is the deepest held and serves as the 91k-equivalent), client stream boundaries for ttft and the decode window with prefill derived from ttft	fresh decode 84.69 (runs 84.89/84.75/84.69/84.58/84.49), e2e 83.22, ttft 0.13s, prompt 69 tok, against the turboq bar 76.41 = +10.8%; 33k point at 33167 prompt tok decode 24.79, e2e 20.31, ttft 5.38s, against bar 57.51 = -56.9%; 60k deep point at 59647 prompt tok decode 17.61, e2e 13.69, ttft 9.82s (the 91k bar 54.40 has no counterpart, the point is fit-blocked at this shape); draft acceptance fresh 398 of 603 drafted (66.0 percent, per-position 177/126/95 of 201 drafts); prefill_derived reads 6153 and 6062 tok/s at depth which is implausibly fast against the turboq 948 and is flagged client-derived with raw first chunks captured for audit; decode is the comparison metric and the honest verdict is fresh wins plus 10.8 percent while depth loses to the documented Triton-attention and int4 unpack tax	3 points x (warmup + 5)	kept-fact (fresh win, depth loss)	receipts results/hq20-slim20gb/box3/measure-fresh.txt, measure-33k.txt, measure-60k.txt
2026-09-23T04:50:00Z	h93-quality	the Phase D battery passes on the winning shape	depth recall with unique-prefix literals at 33355 and 60000 fills, fixed-prompt comparison against the staged turboq outputs at temp 0, and a tool-call check against the registry tools claim	depth recall 4 of 4 at 33k (LHJ7065-ZHNP, GAZUB QZGQSB, 51791, VVCBKHA ZRLKAX) and 4 of 4 at 59647 tok (AVR3379-RSZX, BNILY UOYRKL, 48934, RHXBIGI BCSLZP), both verbatim; fixed prompt at temp 0 answers XKQ-1138, MARO VESS, 47291, CATTLEYA LUMINA which is byte-identical to the turboq profile output in results/h59-fg-ladder/f1-quality-probe.txt; tool-call check PASS with tool_calls get_weather and arguments {"city": "Copenhagen"} and finish_reason tool_calls through the qwen3_coder parser	3 probes	kept (quality battery all green)	receipts results/hq20-slim20gb/box3/recall-33k.txt, recall-60k.txt, quality-fixed.txt, toolcheck.txt
2026-09-23T04:55:00Z	h94-final-restore	measurement window closed per protocol with production restored and verified	binary /home/jamie/llama.cpp-turboq-mtp/build/bin/llama-server passes test -x and --version, launcher restored from /home/jamie/llama/llama-serve.sh.h76-savepoint-h77, watchdog restarted, band check run, supervisor unfrozen	version 1 (aaa66a5) built with GNU 16.2.1; launcher RESTORED_IDENTICAL; /health 200 in 30s; h76verify VERIFY PASS engine_decode=71.87 draft=394/612; watchdog active; resident 19450 MiB; supervisor 34846 running (Rs); all three window closes this unit verified PASS (72.30, 72.19, 71.87 engine decode, draft 394/612 each)	n=3 verify	kept-baseline	production remains the h76 profile untouched; receipts results/hq20-slim20gb/box3/h76verify3.txt
2026-09-23T04:49:49Z	h95-inherit	the released winning shape is the hillclimb baseline and no measurement gets rerun	R0 inherit per the brief: binding slots adopted from the BuildTest release without a window (ROW_BASE h95, fills 0/33355/60000, noise bands fresh 84.49-84.89, 33k 24.79-24.80, 60k 17.55-17.64)	baseline at WIN_CFG: fresh 84.69 decode (e2e 83.22), 33k 24.79 (20.31), 59647pt 17.61 (13.69), draft 398/603 fresh (66.0%), int4 pool 75093 tokens (configured MAX_LEN 61440), quality battery green per h93; vs turboq 76.41/57.51/54.40 = +10.8% fresh, -56.9% at 33k, 91k bar fit-blocked	none (inherit, no window)	kept-baseline	keep gates made concrete from the noise bands: at-depth bar is 27.27 at 33k or 19.37 at 60k with fresh at or above 83.00 (2 percent of 84.69); window bar is 92160+ tokens with at-depth cost under 10 percent and recall intact; ladder order results/hq20-hillclimb/RUNG-ORDER.md at abb92fd; baseline receipts results/hq20-slim20gb/box3/measure-*.txt
2026-09-23T05:32:25Z	h97-r2a-draft2	shorter draft chain k=2 avoids speculative penalties at depth where acceptance decays and might lift depth decode (depth-first draft sweep R2)	one variable DRAFT_TOKENS=2 against baseline k=3 at the winning shape (GPU_UTIL 0.95, MAX_LEN 61440 int4 per-token-head TRITON_ATTN), fills 0 33355 60000 with n=5 plus warmup, recall seed 2026092321 at fill 60000	fresh 79.65 dec runs 79.89/79.78/79.65/79.57/79.51 vs 84.69 = -5.9 percent FAILING the 2 percent guardrail floor 83.00; 33k 26.11 vs 24.79 = +5.3 percent but misses the +10 percent bar 27.27; 60k 17.44 vs 17.61 = -1.0 percent; draft acceptance rate jumped sharply (fresh 363/472 = 76.9 percent vs 66.0, 33k 360/478 = 75.3 percent vs 50.6, 60k 366/466 = 78.5 percent vs 56.6) but fewer total tokens drafted per step (1.54 vs 1.98 fresh); recall 4/4 at 59647, fixed prompt 4/4	3 points x (warmup + 5), recall at 60000, qualityfixed, closeout band check	reverted	both gates fail: fresh decode drops 5.9 percent below the guardrail floor and 33k gain (+5.3 percent) misses the +10 percent bar; shorter chains lift acceptance rate by ~25 pp at depth but starve single-stream generation length; champion stays k=3; closeout verify read engine 70.85 draft 394/612 matching the thermal drift pattern from h96; receipts results/hq20-hillclimb/receipts/r2a-fill0.txt r2a-fill33355.txt r2a-fill60000.txt r2a-recall60000-seed2026092321.txt r2a-quality.txt r2a-h76verify.txt
2026-09-23T05:50:49Z	h98-r2b-draft4	longer draft chain k=4 amortizes verify overhead and may lift depth decode where MTP acceptance extends (depth-first draft sweep R2)	one variable DRAFT_TOKENS=4 against baseline k=3 at winning shape (GPU_UTIL 0.95, MAX_LEN 61440 int4 per-token-head TRITON_ATTN), fills 0 33355 60000 with n=5 plus warmup, recall seed 2026092322 at fill 60000	fresh 81.68 dec runs 81.88/81.76/81.68/81.59/81.51 vs 84.69 = -3.55 percent (holds +6.9 percent over turboq 76.41); 33k 25.30 vs 24.79 = +2.06 percent; 60k 22.65 vs 17.61 = +28.6 percent (+5.04 tok/s rock solid 22.61/22.65/22.65/22.65/22.65); draft acceptance at 60k jumped to 433 accepted with 73 accepted at position 3; recall 4/4 at 59647, fixed prompt 4/4	3 points x (warmup + 5), recall at 60000, qualityfixed, closeout band check	kept-candidate	massive depth win at 60k (+28.6 percent, +5.04 tok/s past noise); fresh drops 3.55 percent from baseline but remains +6.9 percent above turboq production bar (81.68 vs 76.41); under Main depth-first steering fresh is a guardrail and depth collapse is the prize; held as candidate pending k=7; closeout verify read 70.66 draft 394/612 matching the established thermal pattern; receipts results/hq20-hillclimb/receipts/r2b-fill0.txt r2b-fill33355.txt r2b-fill60000.txt r2b-recall60000-seed2026092322.txt r2b-quality.txt r2b-h76verify.txt
2026-09-23T06:57:20Z	h99-r2c-draft7	deep draft chain k=7 maximizes token proposal count and could amortize verification further if acceptance sustains (depth-first draft sweep R2)	one variable DRAFT_TOKENS=7 against baseline k=3 at winning shape (GPU_UTIL 0.95, MAX_LEN 61440 int4 per-token-head TRITON_ATTN), fills 0 33355 60000 with n=5 plus warmup	fresh 72.88 dec runs 73.07/72.98/72.88/72.82/72.79 vs 84.69 = -13.9 percent FAILING 2 percent guardrail floor 83.00; 33k 26.54 vs 24.79 = +7.06 percent (+1.75 tok/s, acceptance across 7 positions 142/94/59/40/25/16/10 = 386 accepted of 938 drafted); 60k fill hung during step verification with 7-draft block overhead on int4 unpack; recall/quality unreached	2 points x (warmup + 5), 60k fill timed out	reverted	k=7 lifts 33k by +7.06 percent but fresh drops 13.9 percent failing guardrail, and 60k fill exceeded practical execution budget under k=7 verification; k=4 remains superior candidate (+28.6 percent at 60k, +2.06 percent at 33k, fresh -3.55 percent); closeout verify read 70.54 draft 394/612 matching heat-soak drift; receipts results/hq20-hillclimb/receipts/r2c-*

2026-09-23T19:30:00Z	h100-r2d-chain2	drafter-free chain VLLM_DFLASH2_CHAIN=1 at k=2 may beat plain k=2 at depth (R2 sweep)	one variable VLLM_DFLASH2_CHAIN=1 against baseline k=3 at winning shape (GPU_UTIL 0.95, MAX_LEN 61440 int4 per-token-head TRITON_ATTN), fills 0 33355 60000 n=5 plus warmup, recall seed 2026092324 at 60000	fresh 80.72 dec (80.93/80.76/80.72/80.62/80.55) vs 84.69 = -4.7pct FAILING 83.00 floor; 33k 26.17 vs 24.79 = +5.6pct misses +10pct bar 27.27; 60k 15.08 vs 17.61 = -14.4pct; accept pos0/pos1 205/162 fresh vs 398/603 baseline shape; recall 4/4 at 59647, quality fixed prompt 4/4 PASS	3 points x (warmup+5), recall 4/4, quality 4/4	reverted	chain k=2 beats plain k=2 (80.72 vs 79.65 fresh, 26.17 vs 26.11 at 33k) but fails every keep gate vs k=3 baseline; window ran async no cap, recall+quality intact; closeout verify first FAIL 70.91 (cold-boot noise), reverify PASS 71.77 draft 394/612; receipts results/hq20-hillclimb/receipts/r2d-*

2026-09-23T20:00:00Z	h101-r2f-lookup2	drafter-free lookup VLLM_DFLASH2_LOOKUP=1 at k=2 may beat plain k=2 at depth (R2 sweep)	one variable VLLM_DFLASH2_LOOKUP=1 against baseline k=3 at winning shape (GPU_UTIL 0.95, MAX_LEN 61440 int4 per-token-head TRITON_ATTN), fills 0 33355 60000 n=5 plus warmup, recall seed 2026092326 at 60000	fresh 77.57 dec (77.77/77.66/77.57/77.50/77.39) vs 84.69 = -8.4pct FAILING 83.00 floor; 33k 23.67 vs 24.79 = -4.5pct; 60k 16.75 vs 17.61 = -4.9pct; accept pos0/pos1 202/156 fresh; recall 4/4 at 59647, quality fixed prompt 4/4 PASS	3 points x (warmup+5), recall 4/4, quality 4/4	reverted	lookup k=2 loses to plain k=2 (77.57 vs 79.65 fresh, 23.67 vs 26.11 at 33k) and fails every keep gate; window ran async no cap, recall+quality intact; closeout verify first FAIL 70.83 (cold-boot noise), reverify PASS 71.50 draft 394/612; receipts results/hq20-hillclimb/receipts/r2f-*

2026-09-23T20:05:00Z	h102-r2e-chain7	drafter-free chain VLLM_DFLASH2_CHAIN=1 at k=7 may beat plain k=7 (R2 sweep, 60k dropped per correction)	one variable VLLM_DFLASH2_CHAIN=1 against baseline k=3 at winning shape (GPU_UTIL 0.95, MAX_LEN 61440 int4 per-token-head TRITON_ATTN), fills 0 33355 n=5 plus warmup, recall seed 2026092325 at 33355 (60k dropped: r2c k=7 never completed its 60k fill and lost recall+quality)	fresh 70.68 dec (70.86/70.75/70.68/70.63/70.58) vs 84.69 = -16.5pct FAILING 83.00 floor; 33k 24.74 vs 24.79 = -0.2pct; 60k unmeasured by design (correction); accept 7-pos 146/98/68/45/31/21/~14 fresh; recall 4/4 at 33k, quality fixed prompt 4/4 PASS	2 points x (warmup+5), recall 4/4, quality 4/4, 60k unmeasured-by-design	reverted	chain k=7 loses to plain k=7 (70.68 vs 72.88 fresh, 24.74 vs 26.54 at 33k) and fails every keep gate; correction worked: both probes intact; closeout verify FAIL 70.76 then FAIL 70.99, warm-server reverify PASS 71.49 draft 394/612; receipts results/hq20-hillclimb/receipts/r2e-*

2026-09-23T20:40:00Z	h103-r2g-lookup7	drafter-free lookup VLLM_DFLASH2_LOOKUP=1 at k=7 may beat plain k=7 (R2 sweep, 60k dropped per correction)	one variable VLLM_DFLASH2_LOOKUP=1 against baseline k=3 at winning shape (GPU_UTIL 0.95, MAX_LEN 61440 int4 per-token-head TRITON_ATTN), fills 0 33355 n=5 plus warmup, recall seed 2026092327 at 33355 (60k dropped: r2c k=7 never completed its 60k fill and lost recall+quality)	fresh 86.25 dec (86.43/86.31/86.25/86.16/86.09) vs 84.69 = +1.8pct HOLDS above 83.00 floor and above noise band 84.49-84.89; 33k 26.09 vs 24.79 = +5.2pct but misses +10pct bar 27.27; 60k unmeasured by design (correction); accept 7-pos 132/111/76/52/36/29/~22 fresh; recall 4/4 at 33k, quality fixed prompt 4/4 PASS	2 points x (warmup+5), recall 4/4, quality 4/4, 60k unmeasured-by-design	reverted	only arm to hold the fresh floor (beats plain k=7 72.88 by +18.3pct) but fails the depth bar so reverted per keep gates; correction worked: both probes intact; closeout verify FAIL 70.34 (cold-boot noise), reverify PASS 71.17 draft 394/612; receipts results/hq20-hillclimb/receipts/r2g-*
2026-09-23T21:00:00Z	h104-r2h-champion-confirm	re-measure winning baseline k=3 to confirm fresh and depth gates after R2 sweep	baseline k=3 at exact winning shape, fills 0 33355 60000 n=5 plus warmup; recall seed 2026092328 at 60000	fresh 84.42 dec (84.65/84.49/84.42/84.27/84.21) vs 84.69 baseline, holds >=83.00; 33k 24.79 vs 24.79; 60k 17.55 vs 17.61; recall 4/4 at 59647; quality 4/4	3 points x (warmup+5), recall 4/4, quality 4/4	confirmed-baseline	champion remains baseline k=3: fresh above gate, depth matches baseline within noise; closeout verifies repeatedly below band (70.81, 68.97, 65.30) despite watchdog active and 394/612 draft; production server restored but accepted cool verification is not proven; receipts results/hq20-hillclimb/receipts/r2h-*
2026-09-23T09:08:00Z	h105-r3a-int4-24k	int4 baseline at reduced context MAX_LEN 24576 k3 TRITON_ATTN fills fresh/24000 (paired baseline for int8 single-variable arm)	window r3a 08:57:29Z-09:08:02Z via frozen window.sh (supervisor STOP/CONT, idle gate 2x30s, binary gate PASS, launcher RESTORED_IDENTICAL, watchdog restarted, /health ok)	fresh 83.97 dec (84.20/84.08/83.97/83.93/83.82, e2e 82.61, ttft 0.13, accept 398/606) vs r2h 84.42 at MAX_LEN 61440; 24k 35.79 dec (35.65/35.65/35.81/35.81/35.79, e2e 27.41, ttft 5.16, prefill 4630, accept 399/609); recall 4/4 at 24k seed 2026092301; quality 4/4	fresh n=5+warmup, 24k n=5+warmup, recall 4/4, quality 4/4	kept-baseline	closeout h76verify FAIL engine_decode=65.94 (client median 57.73, runs 53.38/57.73/62.30, draft 394/612) matching r2h failure fingerprint (70.81/68.97/65.30); no second GPU arm per instruction until safe continuation determined; production restored (HEALTH_OK, watchdog active, launcher identical, supervisor 34846 Rs); receipts results/hq20-hillclimb/receipts/r3a-*
2026-09-23T09:30:00Z	h106-closeout	r3a measurements stand; r3b and all further GPU windows CANCELLED per Main decision; gate-drift explained by read-only receipt analysis, no production change	non-GPU analysis only: h76verify.py scores ONLY the final (3rd) run engine predicted_per_second with band 71.0-77.0; draft gate 350-450/500-650 always satisfied (394/612 in every receipt pass or fail)	cold-restart closeouts fail on warmup slope, not steady state: r3a client runs ascend 53.38/57.73/62.30 (spread 8.9) with engine 65.94 from the last run only; r2h-reverify2fail runs flat-low 60.74/60.96/60.95 engine 65.30; warm reverifies pass flat (r2g 68.12/68.52/68.13 engine 71.17; r2f 67.92/68.14/67.87 engine 71.50; r2e 69.0/69.32/69.14 engine 71.49); every first-closeout r2a-r2h engine sits 70.34-70.91 just under the 71.0 floor	scorer source + 13 receipts	read-only	kept-finding	production untouched (HEALTH_OK, watchdog active, launcher identical, supervisor Rs); candidate fix is a discarded warmup request plus n=5 in h76verify.py or a re-based band, NOT applied (needs authorization; scorer lives on the box at /home/jamie/hq20/h76verify.py); r3a arm stands as the paired int4 baseline (fresh 83.97, 24k 35.79, recall 4/4, quality 4/4) for whenever the gate is repaired and r3b is re-authorized
2026-09-23T09:50:00Z	r4a-int4-mq-3d	VLLM_INT4_MQ_3D=1 trades fresh decode for depth decode: depth-profile arm, not fresh-champion replacement; production/default profile unchanged	one variable VLLM_INT4_MQ_3D=1 vs r3a int4 baseline, MAX_LEN 24576 GPU_UTIL 0.95 int4_per_token_head TRITON_ATTN, fills 0/24000 n=5+warmup, recall seed 2026092301	fresh 71.84 vs r3a 83.97 (-14.4%); 24k 63.02 vs 35.79 (+76.1%); prefill fresh 553.6 vs ~528, 24k 4595 vs ~4630; recall 4/4 both, quality 4/4 PASS; dispatch verified int4 3D scratch adopted (triton_attn.py:215) KV 52323 tokens; cold COLD_FAIL engine 70.30 draft 394/612, diagnostic steady 69.81 both FAIL; production restored identical launcher watchdog active health ok; halt subsequent arms per cold-FAIL rule
2026-09-23T10:24:27Z	r5a-draft-k5	intermediate draft k=5 may preserve k4 60k gain while recovering fresh to >=83.00 (K-hypothesis rank 1)	one variable DRAFT_TOKENS=5 vs r2h k=3 at MAX_LEN 61440 GPU_UTIL 0.95 int4_per_token_head TRITON_ATTN, fills 0/33355/60000 n=5+warmup, recall seed 2026092329 at 60000	fresh 79.98 vs r2h 84.42 (-5.3pct FAILS 2pct guardrail); 33k 27.02 vs 24.79 (+9.0pct misses +10pct bar); 60k 16.55 vs 17.55 (-5.7pct); recall 4/4 at 59647; quality 4/4 PASS; immediate closeout COLD_FAIL engine 70.65 draft 394/612; production restored identical launcher watchdog active health ok	3 points x (warmup+5), recall 4/4, quality 4/4	reverted	k5 rejected: fails fresh guardrail and loses at 60k; cooled <=43C cold+warm gates pending before any next arm; receipts results/hq20-hillclimb/receipts/r5a-*
2026-09-23T10:50:00Z	h107-gate-correction	<=43C preflight gate is invalid: production llama-server pins 1710MHz/116W at 0% idle so 59-60C is the normal steady state; 38-43C observations were incidental power states, not an invariant; cooling to <=43C requires stopping production which is itself a window (circular gate)	non-GPU analysis only: idle sample 59C/0%/1710MHz/116W with production up and healthy; probe2 43C start was incidental	post-gate: objective repeatable production speed baseline under normal 59-60C state with clocks/power + cold/steady metrics; no next GPU arm until that baseline passes reproducibly; source-only continues	append-only correction, no production change	recorded-correction	attack-the-premise: <=43C gate impossible under 116W production idle; replaced with normal-state repeatable baseline
2026-09-23T11:00:00Z	h108-warm-gate-correction	r5a cooled warm file VERIFY PASS 71.14 scores first 3 runs only; 5-run diagnostic steady median 70.62 (71.02/70.66/70.62/70.37/68.81) below 71.0 floor so steady verdict FAIL	non-GPU re-read of mirrored receipts r5a-h76verify-cooled.txt (e6ccbc17) + r5a-h76verify-warm.txt (af6da1ac): cold PASS 72.11; steady FAIL 70.62	sustained warm sag across 8 sequential requests; gate redesign is parent decision, no silent relaxation	append-only correction, no production change	recorded-correction	Mac supervisor PID 34846 confirmed present on Mac (child checked box ps, wrong host); production launcher identical watchdog active health OK VRAM 19450
2026-09-23T11:10:00Z	r5b-closeout	r5b source deliverable complete; r5b environment source blocked and no under-load dispatch proof; record evidence boundaries without extrapolation	spec + source path check + gate audit + 3D research complete; /home/jamie/hq20/hillclimb/r5b.env BLOCKED unreachable from macOS (box-side path, no write made); characterization predicated only on measured r4a 24k (+76.1% depth, -14.4% fresh) + r2h 60k 17.55 (no extrapolation); CPU oracle/debug-boot unresolved, so no under-load dispatch proof; idle samples 37C/210MHz/16W @10:53:44Z and 42C/0%/210MHz/16.86W @10:57:29Z, VRAM19450 /health OK, disprove blanket 1710/116 pinned-idle claim; warm gate FAIL median 70.62 vs 71 floor; non-disruptive production benchmark with concurrent clock/perf-state capture unresolved, not blind retries	no GPU, production touch, probe loop, or push	append-only closeout row	source work complete with blockers, limits, and next evidence need recorded
2026-09-23T11:15:00Z	r5b-env-write-verify	remote r5b environment was written and verified for the source deliverable; no GPU or production behavior is implied	ssh write to /home/jamie/hq20/hillclimb/r5b.env (321 bytes); read-back matches specs/r5b.env DIFF_CLEAN; bash -n SYNTAX_OK; exact one-line ENV_KNOBS delta vs r2h.env verified remotely (-ENV_KNOBS="DRAFT_TOKENS=3" / +ENV_KNOBS="DRAFT_TOKENS=3 VLLM_INT4_MQ_3D=1")	CPU-only proof: syntax and grep only; remote VLLM_INT4_MQ_3D=1 count=2 (comment + ENV line); no launcher or GPU invoked, no production touch	remote file state and checks as above	CPU-only syntax+grep, no GPU launcher invoked	kept-fact	Append-only correction to row 140: ssh:// was reachable and remote write supported; row 140 left unedited. r5b_spec.md is spec prose, not a runnable artifact. No under-load dispatch proof.
2026-09-23T11:39:57Z	r5b-mq-3d-60k	VLLM_INT4_MQ_3D=1 may improve 60k decode while preserving k3 at 61440 MAX_LEN	one variable vs r2h k3 at MAX_LEN 61440 GPU_UTIL 0.95 int4_per_token_head TRITON_ATTN; fills 0/33355/60000 n=5+warmup, recall seed 2026092330 at 60000	UNRUNNABLE: EngineCore startup failed before serving; exact error: Free memory on device cuda:0 (18.4/19.57 GiB) on startup is less than desired GPU memory utilization (0.95, 18.6 GiB). Decrease GPU memory utilization or reduce GPU memory used by other processes. No fill, recall, quality, or 60k delta measured; do not infer 3D speed	postgate one 8-request run: cold first-three engine median 71.8202 (71.9661/71.8202/71.4732); steady last-five engine median 70.5122 (70.9335/70.5122/70.4374/70.3578); clock overlap unavailable: zero samples, sampler_exit 255; no retry	no arm measurements; recall/quality not run; production restored launcher-identical, watchdog active, /health ok, closeout h76verify PASS engine_decode=72.05 draft=394/612; one postgate diagnostic completed	fill 0/33355/60000 n=5+warmup not run; recall/quality not run; production restore verified; postgate clock capture failed	reverted	One authorized r5b arm only, no retry. Full receipts results/hq20-hillclimb/receipts/r5b-arm.log and r5b-vllm.log; postgate results/hq20-hillclimb/receipts/gate-clock-overlap-20260923T113812Z.json. Existing abort/correction rows retained.
r5b-postgate-correction	postgate gate scores req3 engine not first-3 median; r5b boot-fail may be residency not 3D scratch	no new GPU; offline re-derivation from preserved receipts	req3 engine 71.4732 in [71,77] cold PASS; last-five engine median 70.5122 below 71 floor steady FAIL; postgate clock CSV 145 rows NZST re-aligned overlap [18,18,17,18,18,18,18,18] all-8 valid; vLLM exact: Free memory cuda:0 18.4/19.57 GiB < desired 18.6 GiB at 0.95; sampler PID1510303 already absent (kill No such process); supervisor Rs	prior owner report mislabeled cold as first-3 median 71.8202 and clocks zero/invalid; corrected per Main ruling	postgate cold PASS + steady FAIL recorded; clocks valid after offline NZST fix; r5b REVERTED unchanged; no 3D speed inferred; boot-fail cause open (residency vs scratch), source-only follow-up	corrected-recorded	row142 retained; this row supersedes its postgate numbers only
r5b-residency-compare	production-down baseline identical 757 MiB across r2h/r4a/r5b arm logs; no nvidia-smi compute-apps process list in any arm log so exact other-process occupant UNKNOWN	no GPU; grep of r2h-arm.log r4a-arm.log r5b-arm.log	r2h boot OK at 757 baseline; r4a boot OK at 757 baseline; r5b FAIL needs 18.6 vs 18.4 free; no foreign process identified in logs	do not assume 3D scratch vs residency; next arm only after proven safe; 0.94*19.57=18.40 borderline and second variable vs r2h so needs 2D baseline at 0.94 first or new-shape accounting	UNKNOWN-occupant recorded; no arm	no GPU action; production untouched
r5b-arm2-retry	k3+3D at 61440 second attempt under Jamie START; production stop/restore protocol with trap closeout	r5b-arm2.log mirrored (34 lines); closeout h76verify engine_decode 64.18 FAIL vs prior 72.05; no fill/recall files produced	UNRUNNABLE again: 0.43/19.57 GiB free (production still resident at stop attempt) < 18.6 desired; prior attempt 18.4/19.57; both below threshold; stop step did not clear production before vLLM init	no depth throughput measured; closeout VERIFY FAIL 64.18 signals degraded restored production at that moment; later /health ok 19445 watchdog active	reverted-no-measurement	production restored /health ok watchdog active launcher identical; row142-144 retained
2026-09-23T12:30:00Z\th110-094-not-run\tpost-restore h76 baseline recorded; 0.94 2D fit-margin arm NOT run (window closed by Main); production intact\tpost-restore baseline receipt /home/jamie/hq20/hillclimb/postrestore-h76-20260923T1223Z.txt: client median 68.80 [66.01/69.44/68.80], VERIFY PASS engine_decode=72.02 draft=394/612 + 26-row clocks csv; remote h110-gpu-util-094.env verified exact one-variable 2D (GPU_UTIL 0.94, DRAFT_TOKENS=3, MAX_LEN 61440); arm blocked: literal ssh box-window invocation guard-denied, hub start broker-stale, owner path mistake exit127 then Main closed window\tproduction /health 200, VRAM 19339/20480, watchdog active, launcher identical; owner yield ISSUES (baseline only, no arm, no decision row)\tno arm launched; no trap ran; no second arm\tproduction verified intact post-close\tkept-fact\tNext: 0.94 2D arm still unrun; needs working box transport + production-stopped precheck before vLLM init
h110	INVALID/REVERTED	k2-vs-k3 depth test at 33k on 2D 61440 profile	k3 baseline	fill0 84.56; fill33355 24.81; 60k missing (transport timeout orphaned vLLM PID235306)	no recall/quality; production recovered via preconditioned recovery (stale PID identity, watchdog restarted, health ok, VRAM19270 44C)	fill0 + fill33355 measured; 60k absent	INVALID/REVERTED	60k measurement missing; transport timeout orphaned vLLM PID235306; no recall/quality; production recovered via preconditioned recovery
k2-33k	DRAFT_TOKENS k2 vs k3 depth test at 33k on 2D 61440 r2h profile	k2-33k.env exact r2h + DRAFT_TOKENS=2, fills 0 33355; wrapper PID481163 nohup remote log	fresh 79.83 vs r2h 84.42 (-5.4%); 33k 24.93 vs r2h 24.79 (+0.6% noise); recall 4/4; quality 4/4	depth objective not met: 33k within noise, fresh regresses; shorter draft chain does not improve deep decode here	reverted	launcher identical, watchdog active, /health ok, VRAM19330; receipts k2-33k-fill0/33355/recall/quality + arm log
fp8-kv	KV dtype fp8 vs int4_per_token_head on 2D 61440 k3 r2h profile	fp8-kv.env single KV_ARGS change; wrapper PID588926 nohup remote log	no fresh/33k/quality: engine init refused before serving	REVERTED fit rejection: FP8 KV cache not supported by Triton backend on RTX 3080 cc8.6; native FP8 requires SM89+ (vllm triton_attn.py:748)	no throughput to compare; spelling fp8 accepted by parser, rejected by backend	reverted-fit-rejection	wrapper EXITED, watchdog active, /health ok, VRAM19330; receipts fp8-kv-arm/vllm/bin-gate/trace + env
ckpt-portability-blocked	standard censored W4A16 pack + head/vocab calibration prerequisite for checkpoint portability rung	dbirks/Qwen3.8-27B-W4A16-AutoRound 19.47GB named in overnight-rungs.md; box has only leminkozey uncensored; HF cache same	no download attempted; rung blocked on provision	no measurement	blocked-prerequisite	recorded; continue hillclimb on other categories
mtp-off	MTP-off differential at 33k on 2D 61440 r2h profile (SPEC=off)	mtp-off.env r2h + SPEC=off fills 0 33355; wrapper PID652604 nohup remote log	no fresh/33k/quality: engine init refused, 0.54/19.57 GiB free < 18.6 desired (production still resident at vLLM init, same pattern as r5b-arm2 0.43)	REVERTED unmeasurable: stop step did not clear production before init; differential unanswered	no throughput; closeout VERIFY PASS engine 72.45 (production.pdf) 	reverted-unmeasured	wrapper EXITED, launcher identical, watchdog active, /health ok, VRAM19330; receipts mtp-off-arm/vllm/bin-gate/trace + env
mtp-off-invalid-supersede	row151 reclassified: INVALID (never reached measurement; release gate allowed init with production resident), not a performance revert	0.54/19.57 free at init; r5b-arm2 0.43 same pattern; no fresh/33k/quality attempted	row151 preserved; awaiting diagnosis of release-gate failure before next arm	no throughput claim	invalid-supersede	production restored (EXITED/identical/active/ok/19330)
prearm-gate-fix	box-window.sh release gate: poll llama-server absent + free VRAM >=19047MiB up to 120s, fail-closed before launch	remote box-window.sh:76-106 deployed; local/remote SHA256 d6ef9f93e2ed35e27514b6b458abb9e540da13ae869b52865a5b64ba2ea79324; bash -n passed	controlled proof timed out with no arm sentinel; real preflight llama-server=absent free_vram=19408MiB threshold=19047MiB; trap restored watchdog+health after 5s	gate proven live; r5b-arm2/mtp-off INVALID pattern (init with production resident) should not recur	gate-fix-deployed	MTP-off row151/152 pattern addressed; next arm may proceed under gate
q51-prefill-gate-fail	q5_1 mixed KV needs PR27140 vectorized-dequant build + prefill measurement	turboq qwen35 aaa66a5 has no 27140 commit; gate unsatisfiable without rebuild	q5_1 BLOCKED; top remaining config-only: complete h110 0.94 missing 60k (fill0 84.56 + 33k 24.81 measured, 60k absent)	no measurement	blocked-build-gate	row recorded; proceeding to h110-60k completion rung
h110-60k-complete	0.94 2D fit-margin completion: 60k + recall + quality only (fill0/33k from prior arm)	h110-60k.env (MEASURE 60000 + RECALL 60000:2026092424); wrapper PID881425 nohup; prearm gate live	60k 17.57 vs r2h 17.55 (+0.1% noise); recall 4/4; quality 4/4	0.94 changes nothing measurable vs 0.95 at any depth (84.56/84.42, 24.81/24.79, 17.57/17.55 all noise)	reverted-noise	wrapper EXITED-or-ALIVE check + watchdog active + /health ok VRAM19328; receipts h110-60k-fill60000/recall/quality + arm log
mech-3d-24k	3D-vs-2D depth mechanism at 24k on 61440 r2h profile + VLLM_INT4_MQ_3D=1 only	mech-3d-24k.env; wrapper PID1002827; prearm gate passed (absent, 19408MiB)	no fresh/24k/quality: init saw 0.54/19.57 < 18.6 despite gate pass; comparator r4a 3D@24576 (+76.1% depth) vs r3a, and r2h 2D unmeasured at 24k	REVERTED unmeasured: gate-pass/inits-fail split (VRAM freed between gate and init, or second consumer); mechanism unanswered	residency-after-arm blank in log; needs gate timing audit	reverted-gate-split	wrapper EXITED, launcher identical, watchdog active, /health ok, VRAM19330; receipts mech-3d-24k-arm/vllm/bin-gate/trace + env
swa147k-absorbed	h56c already answers SWA8+q4_0 147k (51.49@33k, ceiling 147456); redundant scratch run stopped before measurement	wrapper PID1113874 launched then killed; measure/arm/fill files removed; production untouched /health ok	no new measurement	h56c stands	absorbed-duplicate	production untouched
rotorquant-blocked	planar3_0/iso3_0 need feature/rotorquant branch + FA build; box turboq has only qwen35, doc refs foreign /home/mal repo	branch list qwen35 only; COLLAB_ROTORQUANT.md recipe targets absent repo; no clone/build ran	no build; production untouched	terminally blocked, no port/approximation	blocked-no-source	checkpoint download sole live track; GPU idle
calib-w4a16	calibration-only standard W4A16 pack (dbirks) on HyperQwen slim stack, MODEL_OVERRIDE variant	calib-w4a16.env no fills/recall; wrapper PID1239553; MODEL=/home/jamie/models/Qwen3.8-27B-W4A16-AutoRound effective	no boot: torch inductor OOM tried 2.37GiB, 1.04 free of 19.57 (vs q38-lemin fits); no small request, no quality	REVERTED fit rejection: standard pack ~19.47GB weights exceed card before KV; uncensored lemin pack required for fit	no byte-compare (never served)	reverted-fit-rejection	watchdog active, /health ok, VRAM19296; receipts calib-w4a16-arm/vllm/bin-gate/trace + env
calib-w4a16-24k	fit-ladder rung MAX_LEN 24576 on standard W4A16 pack, all else = calib 61k	calib-w4a16-24k.env single MAX_LEN change; wrapper PID1242134	no boot: same inductor OOM tried 2.37GiB, 1.06 free of 19.57; no small request, no quality	REVERTED: pack too heavy even at 24k; weights ~19.47GB leave no room for compile alloc	no byte-compare	reverted-fit-rejection	wrapper EXITED, watchdog active, /health ok, VRAM19330; receipts calib-w4a16-24k-arm/vllm/bin-gate/trace + env
calib-eager-24k	eager discriminant on standard pack at 24576: compile vs layout cost	calib-w4a16-24k-eager.env single --enforce-eager; wrapper PID1245868	eager PASSED compile (reached Starting to load + KV sizing); FAILED KV pool: need 0.84GiB > 0.59 avail; est max len below 24576; no small request/quality	compile allocation EXONERATED; wall is checkpoint layout cost (19.47GB weights leave 0.59 KV)	reverted-layout-cost	watchdog active, /health ok, VRAM19330; receipts calib-w4a16-24k-eager-arm/vllm/bin-gate/trace + env
calib-090	fit rung GPU_UTIL 0.90 on standard pack 24k eager (0.84>0.59 KV wall)	calib-w4a16-24k-eager-090.env single util change; wrapper PID1248379	no boot: No available memory for cache blocks (0.90 shrinks KV to zero); no request/quality	REVERTED: lower util inverts failure (less KV, not more fit); pack needs weights diet, not util knob	none	reverted-cache-zero	wrapper EXITED, watchdog active, /health ok, VRAM19330; receipts calib-w4a16-24k-eager-090-arm/vllm/bin-gate/trace + env
calib-offload	standard pack eager 24k + --kv-offloading-size 1 (covers 0.84 KV deficit)	calib-w4a16-24k-offload.env single flag; wrapper PID1253351	no boot: 0.54/19.57 < 18.6 despite gate pass 19408MiB; offload flag never reached sizing (preflight fail first)	REVERTED gate-split, not a flag verdict; same class as r5b-arm2/mtp-off/mech-3d
one	reverted-gate-split	wrapper EXITED, watchdog active, /health ok, VRAM19330; receipts calib-w4a16-24k-offload-arm/vllm/bin-gate/trace + env
w4a16-portability-blocked	standard W4A16 portability BLOCKED: verified pack; 61k+24k compile OOM; eager reached KV sizing short 0.84>0.59; 0.90 zeroed cache; offload invalidated by gate split; safe early-boot gate needs source instrumentation (out of scope)	rows 159-162,164 + eager row161; staged pack 19.47GB checksums match	no boot ever served; production turboq daily driver unchanged	portability blocked, hillclimb unit ends	blocked-portability	production watchdog/health verified below; no next hypothesis
x-hotcool-r2h	X-reply matched-KV hot-vs-cooled comparison on exact r2h	wrapper PID1453612 via lead transport (owner lane guard-blocked); prearm gate passed 19408MiB	no boot, no measurements: same gate-split init fail; closeout VERIFY PASS 72.03 production.pdf	reverted-gate-split: X comparison unanswered; thermal vs position isolation needs working arm	no comparison	invalid-gate-split	wrapper EXITED, watchdog active, /health ok, VRAM19330; receipt x-hotcool-arm.log
2026-09-24T04:35:00Z	gate-split-root-cause	Mac overnight-supervisor.sh ensure_llama polls box :8083/v1/models every ~90s and kill-9 + ssh-respawns llama-server mid-window; deaths matched 1:1 with supervisor log lines (mech-3d 02:05:18 respawn vs 02:05:39 child death 0.54GiB; x-hotcool 10:01:32 vs 10:01:56); live release-curve diagnostic proved clean 19369MiB plateau for 60s+ with no respawn when supervisor quiet; torch mem_get_info on resident llama-server read 0.502GiB = failed arms 0.54GiB	mtp-off, mech-3d, calib-offload, x-hotcool, r5b snapshot deaths were external VRAM theft, not fit walls	rows 151/152, 156, 164, x-hotcool, r5b re-verdict INVALID (external interference), fit questions reopened	exclusive-window stub proof + r2h-probe2 boot	CAUSE-PROVEN	arm logs + supervisor log /tmp/overnight-supervisor.log + mem-probe-diag-run receipts
2026-09-24T04:40:00Z	stub-gate-landed	box-window.sh gains exclusive-window stub: after prearm gate it binds :8083 answering orcarouter models-list so supervisor ensure_llama sees production up; closeout kills stub before watchdog restart; wrapper SHA c15bfe29 (local mirror rtx repo results/hq20-hillclimb, pre-stub backup d6ef9f93 kept on box)	r2h-probe2 proof window: stub up pid2938427, ARM_HEALTH_OK after 90s, supervisor log zero llama-DOWN lines across the whole window while ticking 90s cadence, closeout HEALTH_OK after 35s	gate proven: no-code external telemetry gate satisfying the EngineCore-stage exclusivity constraint	no source instrumentation; sampler receipts under r2h-probe2-samples	GATE-PROVEN	sha256 pair c15bfe29 local==remote; bash -n both sides
2026-09-24T04:45:00Z	r2h-probe-champion-reconfirm	champion r2h shape re-measured under sampler with default fills (0 33355 91655; 91655 rejected by 61440 window as expected)	fresh 84.06 vs r2h 84.42; 33k 24.78 vs r2h 24.79; within noise; sampler perturbation nil (HYGIENE 69C 285W)	champion numbers stand	NOTE: x-hotcool lane overwrote r2h-arm.log/vllm.log/trace/WINDOW_DONE with its failed boot (RUNG_ID collision); real r2h fill/quality/recall receipts (Sep23 20:13-20:26 mtimes) survive	reconfirm-noise	receipts r2h-probe-fill0/fill33355
2026-09-24T05:55:00Z	r5b-retry-3d-61440	VLLM_INT4_MQ_3D=1 may fix the depth collapse at 61440 while preserving k3 fresh (rerun of invalidated r5b under exclusive-window stub SHA c15bfe29 + vram-sampler)	r5b-retry.env = r5b.env single-comment change; wrapper stub up pid2996053; ARM_HEALTH_OK after 240s; boot INFO: free 18.7/19.57, weights+non-torch 15.39GiB, peak activation 1.38GiB, CUDAGraph 0.12GiB, KV pool 1.82GiB	n=5 medians: fresh 83.81 (83.68-84.02) vs r2h 84.42 (-0.7% noise); 33k 57.30 vs r2h 24.79 (+131%); 60k 48.56 vs r2h 17.55 (+177%); recall 4/4 at 59647 (seed2026092330); fixed quality 4/4 literals incl XKQ-1138 MARO VESS 47291 CATTLEYA LUMINA; decode flat 48.52-48.60 across runs (no in-run decay)	CONFIRMED-CHAMPION: 3D MQ at 61440 becomes HyperQwen champion; production h76 keeps the >61k domain (196k window, 51.07@150k); vs production: fresh +9.7%, 33k tie (57.30 vs 57.51), 60k behind ~16% (48.56 vs ~56 interp)	5 samples per fill after discarded warmup, recall 60000, quality probe, h76verify post-restore	CHAMPION-CONFIRMED	depth collapse cause: 2D int4-per-token-head KV dequant path, not thermal (fresh stable 83.68-84.02, depth flat across runs); receipts r5b-retry-fill0/33355/60000 + recall + quality + samples.log
2026-09-24T06:45:00Z	tempest-bench	agent-shaped e2e comparison: identical recon-corpus chat requests (system+corpus, temp 0, 250-token analyses) at 8k/20k fills, n=5 sequential + 2-way concurrent burst, prod llama.cpp :8083 live vs 3D champion arm :18020 under window (wrapper BENCH_CMD hook, SHA 947ddcec)	prod: 8k seq 21.07 (elapsed 11.93s = ~7.5s uncached re-prefill + ~4.4s decode), burst2x aggregate 21.73 (no gain, single-stream); 20k seq 10.65, burst 10.60. 3D: 8k seq 46.70 (elapsed 5.33s, prefix cache reuses prompt), burst2x aggregate 58.56; 20k seq 30.31, burst 37.17	CONFIRMED: 3D build is 2.2-2.9x faster per agent turn at 8-20k and 2.7-3.5x on aggregate under 2-way concurrency; prod per-turn cost is uncached prefill; vLLM prefix cache + batching absorb concurrency	fixed quality probe 4/4 in-window; h76verify post-restore 70.79 (third sub-floor read: 70.74/70.83/70.79 — production verify running ~1.7% below 72.05 baseline, warm-state suspected, cooled recheck pending)	receipts prod-tempest-tempest-bench.json, r2h3d-tempest-tempest-bench.json, arm logs	CHAMPION-BENCH-CONFIRMED	production healthy post-window (watchdog active, health ok, 19369MiB)
2026-09-25T00:25:00Z	tempest-3d-trial	live mission trial on champion 3D shape (qwen3.8-27b on :18020 via baseUrl override) vs llama baseline: 1h run against Stripe acquisition targets (mission.json) with supervisor SIGSTOPped; metrics sampled; safe restore	findings jumped 135->194 (+44%) in ~40m after 14h flat on llama; tick rate burst to 60.7/min at 15m then slowed to ~15/min (mean ~18/min over the hour, vs llama baseline 30/min 14h mean and 60/min bursts); CRITICAL ARCHITECTURAL FINDING: vLLM logged ZERO chat requests from the commander throughout the hour (only test probes); in reconnaissance phase Tempest ticks are driven by worker HTTP probes (bugbounty MCP, no LLM) and worker subagents (TEMPEST_WORKER_PROVIDER=local-agent -> cli-proxy deepseek), NOT the commander LLM; the 3D build speedup does not move reconnaissance throughput unless the WORKER provider is pointed at it; trial round un-stuck findings via fresh round restart rather than LLM speed	benchmark 2-3x per-turn advantage is confirmed real for chat turns, but recon phase is not commander-LLM-gated	TRIAL-COMPLETE-ARCHITECTURAL-FINDING	production llama restored clean (HEALTH_OK, watchdog active); supervisor resumed; receipts tempest-3d-serve/serve.log, vllm.log, metrics.tsv
2026-09-30T00:30:00Z	orcasaq-cyber-arm-blocked	OrcaSAQ-2-Cyber-27B-Uncensored GGUF (same publisher as production, next version, 15.677GB, 866 tensors, MTP present) one-variable arm on h76 flags blocked: arm server on :8083 raced the box llama-watchdog.service (Started/Stopped flip-flop every ~40s, 5 restarts observed) AND box llama-watchdog.sh script instances kept respawning production; manual probes (non-streaming + streaming 600tok) on Cyber model + full h76 flags SUCCEEDED (63.5 tok/s, draft acceptance 0.79, 0.63 on 600tok recall-shaped prompt, server alive) so model itself boots and infers fine; the failure is orchestration contention, not model fitness	box llama-watchdog must be fully stopped (unit + script instances) before arm starts; arm design changed to run Cyber on port 18020 like vLLM arms instead of :8083 so watchdog never sees it	production restored stable (pid stable 1.5min+, health ok)	box is shared with Jamie work; next arm needs explicit good-to-go window	PAUSED-BY-CONTENTION	receipts /tmp/cyber-probe.log /tmp/cyber-stream-test.log orcasaq-arm/arm.log
2026-09-30T12:20:00Z	orcasaq-cyber-reject	OrcaSAQ-2-Cyber GGUF vs production orcarouter-IQ4_XS on identical h76 flags (196k, SWA8/q4_0, MTP k3), one variable = model file	full battery on Cyber: fill0 67.60, fill33355 59.85, fill60000 47.94; recall60000 1/4 planted literals (only 43625 hit); qualityfixed 4/4 PASS; production reference same day: 84.08 / 57.25 / 48.31, recall 4/4	REJECTED: -19.6% fresh, +4.5% at 33k, -0.8% at 60k, and fails the planted-literal recall gate at 60k (1/4 vs 4/4)	1/4 recall is a hard agent-usability disqualifier; depth numbers alone show no win	REVERT-KEEP-PRODUCTION	receipts /home/jamie/hq20/hillclimb/orcasaq-cyber-{fill0,fill33355,fill60000,recall60000,quality}.txt + orcasaq-direct-serve.log; model kept at /home/jamie/models/orcasaq-cyber/ for reference
2026-09-30T12:35:00Z	h1a-cache-reuse	--cache-reuse 256 plus cache_prompt reuses the agent-turn prefix on llama.cpp, cutting per-turn latency at depth	production model, identical h76 flags, one added flag --cache-reuse 256; cache-probe at 16848-token prompt: chat twice, native /completion with cache_prompt true then false	chat 19.03->18.82s (1.01x); native true 19.40->18.20s (1.07x); native false 18.21->18.43s (0.99x); fill0 71.30 (card warm, prior cool-card 84.08)	REVERTED: no prefix reuse in any mode; every turn re-prefills the full prompt (17k tokens in ~18s at ~940 tok/s prefill)	hybrid GatedDeltaNet recurrent state cannot be restored, so llama.cpp cannot cache across turns on this model; this is the measured reason the vLLM 3D stack (5.3s at 8k, 8.2s at 20k) is 2-3x more usable per agent turn	receipts runs/h1a-cache-reuse/{arm.log,fill0.txt}	REVERTED	next: h1b tests whether MTP spec-decode is what blocks caching
2026-09-30T12:45:00Z	h1b-mtp-off-cache	MTP speculative decoding is what blocks llama.cpp prefix caching; with SPEC off the cache would engage	production model, identical h76 flags with SPEC_ARGS empty (no --spec-type draft-mtp); same cache-probe at 16848 tokens	chat 17.65->17.75s (0.99x); native true 18.10->17.44s (1.04x); native false 1.0x; fill0 71.82 (MTP off, warm card)	REVERTED: caching stays dead without MTP; cause is the hybrid GatedDeltaNet recurrent state, not speculation	llama.cpp on this model pays full prefill (~18s at 17k) on every agent turn in every tested configuration; the vLLM 3D stack (prefix-cached, 5.3s at 8k) is the usable engine for agent work	receipts runs/h1b-mtp-off-cache/arm.log	REVERTED	pivot: push the vLLM 3D champion (window ceiling rung, draft depth, SWA globals)
2026-09-30T14:10:00Z	h2-window73728	vLLM 3D champion shape holds a larger window (73728) on 20GB, extending usable depth range without losing decode	vLLM 3D MQ, int4-per-token-head KV, TRITON_ATTN, k3 draft, one variable MAX_LEN 61440 -> 73728; boot line confirms fit: Free memory 19.05/19.57 GiB, KV pool 1.84 GiB	fill0 80.26 vs champion 83.81 (-4.2%); fill33355 52.75 vs 57.30 (-7.9%); fill60000 43.45 vs 48.56 (-10.5%); window fits and boots clean at 255s	REVERTED: the larger window is a pure cost; 61440 stays the champion window	fit is possible (KV 1.84 GiB at 73728) so a larger window remains available if depth range ever outweighs speed; decode cost grows with the window	3 fills x5 runs, harness frozen, port-aware scripts (HILLCLIMB_PORT)	REVERTED	receipts h2-window73728-{fill0,fill33355,fill60000}.txt; next: draft depth k5 at 61440, then SWA global count
2026-09-30T14:55:00Z	h3-draft5-61440	draft depth 5 lifts 33k decode on the 3D champion (vLLM), accepting fresh cost	vLLM 3D MQ 61440, one variable: DRAFT_TOKENS 3 -> 5	fill0 76.33 vs k3 83.81 (-8.9%); fill33355 64.16 vs 57.30 (+12.0%); fill60000 45.90 vs 48.56 (-5.5%)	REVERTED for the champion: gains at 33k but loses at fresh and 60k; not a clean win	mid-context drafting pays when acceptance is high (64.16 at 33k); the longer chain wastes verification at 60k and adds overhead at low fill	3 fills x5 runs, frozen harness	REVERTED	depth-profile variant noted for 33k-heavy work; receipts h3-draft5-61440-fill{0,33355,60000}.txt
2026-09-30T13:45:00Z	c1-cyber-kvq8	Cyber loses 60k planted-literal recall because of q4_0 KV quant, so q8_0 KV restores it (daily-driver quality fix)	Cyber, CTX 65536, KV q8_0 both, fills 0 and 60000, recall60000 seed 2026092330	fill0 60.24; fill60000 44.86; recall 0/4 hits=[]; quality PASS	REVERTED: q8_0 KV is worse for recall than q4_0 (0/4 vs 1/4) and costs ~17% fresh and ~6% at 60k; KV precision is not the cause of the recall loss	recall loss is therefore not a quant artifact; the leading explanation is the SWA profile (8 global layers, 4096 window) which lets windowed layers see only the last 4k tokens, so planted literals 60k back are invisible to 56 of 64 layers	harness: arm-run.sh now quotes env values and holds a restore re-entry guard; receipts runs/c1-cyber-kvq8	REVERTED	next: c4 maps the full-context curve (fills to 180k, recall 60k and 150k), then c5 tests SWA globals 13
2026-09-30T14:05:00Z	c4-partial-note	variance-control note: same Cyber config reads 67.60 cold and 57.66 warm, so absolute numbers across the day are not comparable; arms run back-to-back are	c4-cyber-fullctx-q4 in flight; warm-card fresh 57.66 vs cold-card 67.60 measured this morning for the identical config	fill0 57.66; fill33355 56.21 (-2.5% from fresh); fill60000 45.79; 120k and 180k pending; old-model reference on the 196k SWA8 profile was 76.41 / 57.51 / 51.07 at 150k (cold)	INTERIM: Cyber holds depth far better than the old model from fresh to 33k (-2.5% vs -32%) but starts much lower; a warm-card control run of the old model is queued as c8-oldmodel-fullctx for an apples-to-apples curve	card temperature is an uncontrolled variable worth 15%; treat cross-session absolute comparisons as indicative only	no verdict yet, arm in flight	INTERIM	row kept for the trail; verdict lands with the arm
2026-09-30T15:20:00Z	c4-cyber-fullctx-q4	Cyber on the production 196k SWA8 q4_0 shape measured across the full context ladder; recall probed at 60k and 150k	Cyber, CTX 196608, default SWA (globals 8, window 4096), q4_0 KV; fills 0/33355/60000/120000/180000, recall at 60000 and 150000 seed 2026092330	decode curve 57.66 / 56.21 / 45.79 / 42.24 / 37.22; recall60000 1/4 (only 43625); recall150000 0/4; quality PASS	REVERTED as a daily-driver candidate on evidence: recall fails at every probed depth beyond ~4k while the old model passes 4/4 at 60k and 91k on the identical SWA profile, so the failure is the model weights (or their quant mix), not KV precision and not the SWA config alone	Cyber ships a flatter depth curve than the old model but a lower peak (57.66 vs 76.41 fresh, ~42 vs ~51 at 120k+); a daily driver that cannot recall a planted literal at 60k is not usable for agent work regardless of speed	vs old model cold-card h76 reference 76.41/57.51/51.07@150k; warm-card variance ~15% noted	REVERTED-KEEP-OLD-AS-DAILY	receipts runs/c4-cyber-fullctx-q4/{fill0,fill33355,fill60000,fill120000,fill180000,recall60000,recall150000,quality}.txt; queue continues with SWA 13 and 16 to test whether more global layers recover recall
2026-09-30T17:40:00Z	c5-cyber-swa13	Cyber recall failure is caused by the 8-global SWA profile; more global attention recovers it	Cyber, CTX 196608, SWA globals 8 -> 13 (window 4096 unchanged), q4_0 KV, same full-range battery as c4	decode 65.75 / 51.30 / 41.38 / 35.00 / 29.60 (fresh/33k/60k/120k/180k); recall60000 4/4; recall150000 4/4; quality PASS	KEPT as the Cyber fix: recall goes 1/4 -> 4/4 at 60k and 0/4 -> 4/4 at 150k, so the SWA profile was the cause and Cyber is usable with it	price of the fix: 180k decode 29.60 vs SWA8 37.22 (-20%), 120k 35.00 vs 42.24 (-17%); fresh is higher (65.75 vs 57.66) but that is thermal ordering, not a config win	same seed and probe as c4; receipts runs/c5-cyber-fullctx-swa13/	KEPT-RECALL-FIXED	next: c7 ladder locates the recall cliff, c6 tests 16 globals, c8 gives the old-model control on the same stack
2026-09-30T17:55:00Z	c7-cyber-recall-ladder	locate the depth at which Cyber recall breaks under the default 8-global SWA profile	Cyber, CTX 196608, SWA globals 8 window 4096, q4_0 KV; recall probes only at 8000, 16000, 33000, 60000	recall 1/4 at 8k (TZSZC NUHMIX); 0/4 at 16k; 1/4 at 33k (43625); 1/4 at 60k (43625)	CONFIRMS MECHANISM: there is no depth cliff; Cyber fails recall even at 8k under SWA8 because with a 4096 window only the 8 global layers can see planted literals, and on Cyber that is insufficient at every depth	c5 (13 globals) passes 4/4 at 60k and 150k on the same probes, so recall is a function of global-layer coverage, not context length	same seed 2026092330 as c4/c5	INFORMATIVE	receipts runs/c7-cyber-recall-ladder/recall{8000,16000,33000,60000}.txt; c6 (16 globals) running
2026-09-30T16:00:00Z	c6-cyber-swa4k16	SWA globals 16 would give Cyber maximal global coverage	Cyber, CTX 196608, override globals 8 -> 16	BOOT FAILED: GGML_ASSERT(hparams.is_swa_any()) failed; the build refuses a config where every full-attention layer is global, so 16 zeroes the windowed set	REVERTED as invalid: the tunable ceiling on this build is below 16; globals must leave at least one layer windowed	consequence: the SWA knob has a hard upper bound; 13 is valid and passes recall, so the remaining question is the minimum globals that still passes	receipts runs/c6-cyber-fullctx-swa4k16/{arm.log,serve.log}	INVALID-CONFIG	queued next: c10 (10 globals) and c12 (12 globals) to find the cheapest recall-passing profile
2026-09-30T16:20:00Z	correction-median-protocol	my per-arm medians taken this session used the whole fill file, which includes the discarded warmup line carrying a decode= value, so they were the 3rd of 6 rather than the median of the 5 timed runs	recomputed every arm from lines starting with "run " only	corrected c4 57.66 / 56.71 / 45.79 / 44.30 / 39.37 (earlier stated 56.21 / 45.79 / 42.24 / 37.22 at 33k/60k/120k/180k); corrected c5 65.75 / 51.30 / 41.38 / 35.00 / 29.76; c1 60.24 / 46.55; c7 f0 61.83	CORRECTION: the SWA13-vs-SWA8 conclusion is unchanged in direction (SWA13 recall 4/4 at 60k and 150k versus SWA8 1/4 and 0/4, and SWA13 still costs depth decode: 29.76 vs 39.37 at 180k, 35.00 vs 44.30 at 120k)	the warmup spike is real and material (c4 fresh: 66.30 warmup vs 57.66 median), so the frozen-harness rule of discarding warmup exists precisely for this; all future medians come from the collector script which reads run lines only	collector: /tmp/collect.py run inline; receipts unchanged under runs/	CORRECTION	earlier rows c4/c5/c1/c7 keep their verdicts; their "after" numbers are superseded by this row
2026-09-30T18:10:00Z	c3-cyber-draft4	Cyber MTP draft depth k4 improves 60k decode versus k3, with unchanged recall	Cyber, CTX 196608, SWA8, q4_0 KV; draft depth 3 -> 4	k3 baseline c4: 57.66 / 56.71 / 45.79; recall 1/4	k4: 49.72 / 53.88 / 49.86; recall60000 1/4 (43625); quality PASS	fresh -13.8%, fill33355 -5.0%, fill60000 +8.9%	3 fills; recall60000 seed 2026092330; quality probe	REVERTED	60k gain is real; fresh loss is real; recall unchanged because SWA profile, not draft depth, governs recall. Receipts runs/c3-cyber-draft4/
2026-09-30T18:35:00Z	c3-cyber-draft5	Cyber MTP draft depth k5 versus k3 and k4; k4 may maximize 60k decode	Cyber, CTX 196608, SWA8, q4_0 KV; k3 -> k5	k3 c4: 57.66 / 56.71 / 45.79; k4 draft4: 49.72 / 53.88 / 49.86; both recall 1/4	k5: 48.09 / 50.86 / 46.20; recall60000 1/4 (43625); quality PASS	vs k3: fresh -16.6%, 33k -10.3%, 60k +0.9%; vs k4: fresh -3.3%, 33k -5.6%, 60k -7.3%	3 fills; recall60000 seed 2026092330; quality probe	REVERTED	At 60k k4 (49.86) > k5 (46.20) > k3 (45.79); deeper draft loses fresh throughput, and recall remains 1/4 across depths because SWA profile controls recall. Receipts runs/c3-cyber-draft5/
